,RID,AGE,EXAMDATE_old,EXAMDATE_new,VISCODE_old,VISCODE_new,VISCODE2,TEMPQC,QC_PASS,DX_bl,APOE4,MRSEQUENCE,PROTOCOL,COLPROT,ORIGPROT,PTID,SITE,REGRATING,ICV,PTGENDER,PTEDUCAT,PTETHCAT,PTRACCAT,PTMARRY,TAU_INNO,ABETA_INNO,PTAU_INNO,WholeBrain,Ventricles,Entorhinal,Hippocampus,MidTemp,Fusiform,ANN_BBSI,ANN_HBSI,MMSE,ADAS13,RAVLT_immediate,RAVLT_learning,RAVLT_forgetting,RAVLT_perc_forgetting
1,3,81.3,2006-09-12,2005-12-09,nv,bl,m12,Pass,1.0,AD,1.0,ADNI1,1,ADNI1,ADNI1,011_S_0003,11,1.0,1920690.0,Male,18,Not Hisp/Latino,White,Married,68.0,131.0,21.0,1129830.0,84599.0,1791.0,5319.0,18422.0,15506.0,19.09014095744681,0.22914,20.0,31.0,22.0,1.0,4.0,100.0
2,4,67.5,2006-11-28,2005-08-11,nv,bl,m12,Pass,1.0,LMCI,0.0,ADNI1,1,ADNI1,ADNI1,022_S_0004,22,3.0,1679440.0,Male,10,Hisp/Latino,White,Married,42.0,256.0,13.0,1154980.0,39605.0,3983.0,6869.0,19615.0,19036.0,6.0274704861111115,0.020969,27.0,21.33,37.0,7.0,4.0,36.3636
3,5,73.7,2006-09-05,2005-07-09,nv,bl,m12,Pass,1.0,CN,0.0,ADNI1,1,ADNI1,ADNI1,011_S_0005,11,1.0,1640770.0,Male,16,Not Hisp/Latino,White,Married,112.0,115.0,68.0,1116630.0,34062.0,4433.0,7075.0,21614.0,24788.0,14.563351222826087,0.056883,29.0,14.67,37.0,4.0,4.0,44.4444
7,10,73.9,2006-11-09,2005-10-11,nv,bl,m12,Pass,1.0,AD,1.0,ADNI1,1,ADNI1,ADNI1,011_S_0010,11,1.0,1471180.0,Female,12,Not Hisp/Latino,White,Married,135.0,88.0,29.0,1033540.0,26820.0,2676.0,5485.0,19741.0,16761.0,16.597477520435966,0.26959,24.0,24.33,20.0,2.0,5.0,100.0
8,14,78.5,2006-11-28,2005-04-11,nv,bl,m12,Pass,1.0,CN,0.0,ADNI1,1,ADNI1,ADNI1,022_S_0014,22,2.0,1269540.0,Female,12,Hisp/Latino,White,Divorced,58.0,268.0,20.0,861749.0,46279.0,3581.0,6730.0,17798.0,13779.0,1.8030458823529412,0.081444,29.0,8.33,45.0,6.0,4.0,36.3636
10,16,65.4,2006-10-10,2005-10-13,nv,bl,m12,Pass,1.0,CN,1.0,ADNI1,1,ADNI1,ADNI1,011_S_0016,11,2.0,1352000.0,Male,9,Not Hisp/Latino,Black,Married,40.0,135.0,17.0,936539.0,17315.0,3470.0,7309.0,17596.0,15931.0,4.93280753968254,-0.031926,28.0,14.33,40.0,8.0,6.0,50.0
11,19,73.1,2006-12-08,2005-11-23,nv,bl,m12,Pass,1.0,CN,0.0,ADNI1,1,ADNI1,ADNI1,067_S_0019,67,3.0,1409360.0,Female,18,Not Hisp/Latino,White,Divorced,62.0,260.0,17.0,912041.0,19697.0,3550.0,6647.0,16790.0,16497.0,5.724558056872038,0.10026,29.0,4.0,54.0,6.0,3.0,23.0769
13,22,63.2,2006-10-19,2005-10-19,nv,bl,m12,Pass,1.0,CN,1.0,ADNI1,1,ADNI1,ADNI1,011_S_0022,11,1.0,1268260.0,Male,17,Not Hisp/Latino,Black,Divorced,79.0,238.0,19.0,886395.0,5834.0,2789.0,6410.0,16845.0,16107.0,-0.14453743315508025,-0.0085996,29.0,13.67,29.0,5.0,2.0,25.0
14,23,71.7,2006-11-21,2005-08-11,nv,bl,m12,Pass,1.0,CN,0.0,ADNI1,1,ADNI1,ADNI1,011_S_0023,11,3.0,1568540.0,Male,14,Not Hisp/Latino,Black,Widowed,54.0,249.0,18.0,1040560.0,21897.0,3623.0,8310.0,19500.0,18030.0,0.8014682642487047,0.20889,26.0,8.0,40.0,7.0,7.0,63.6364
15,29,64.1,2006-11-14,2005-10-31,nv,bl,m12,Pass,1.0,AD,1.0,ADNI1,1,ADNI1,ADNI1,067_S_0029,67,2.0,1900630.0,Male,18,Not Hisp/Latino,White,Married,87.0,145.0,28.0,1222380.0,45401.0,2895.0,7359.0,21452.0,15331.0,24.878505681818186,0.09408,21.0,34.33,15.0,1.0,4.0,100.0
17,31,77.7,2006-10-30,2005-10-24,nv,bl,m12,Pass,1.0,CN,0.0,ADNI1,1,ADNI1,ADNI1,023_S_0031,23,2.0,1341600.0,Female,18,Not Hisp/Latino,White,Widowed,89.0,240.0,25.0,921781.0,25669.0,3227.0,7206.0,20044.0,13595.0,-2.376509138381201,0.031001,30.0,1.67,63.0,7.0,2.0,14.2857
20,38,76.8,2006-12-07,2005-12-15,nv,bl,m12,Pass,1.0,LMCI,0.0,ADNI1,1,ADNI1,ADNI1,067_S_0038,67,2.0,1541090.0,Male,12,Not Hisp/Latino,White,Married,51.0,183.0,19.0,977778.0,29502.0,4381.0,8154.0,20174.0,14579.0,10.815872448979592,0.23847,25.0,16.33,27.0,2.0,1.0,16.6667
21,40,73.2,2007-01-10,2005-12-14,nv,bl,m12,Pass,1.0,CN,0.0,ADNI1,1,ADNI1,ADNI1,099_S_0040,99,1.0,1613210.0,Male,18,Not Hisp/Latino,White,Married,40.0,262.0,14.0,978138.0,43577.0,4157.0,7595.0,17495.0,18067.0,1.5097,-0.12002,29.0,12.33,44.0,6.0,2.0,16.6667
23,42,72.8,2006-11-09,2005-10-11,nv,bl,m12,Pass,1.0,LMCI,0.0,ADNI1,1,ADNI1,ADNI1,023_S_0042,23,1.0,1519690.0,Male,18,Not Hisp/Latino,White,Married,84.0,211.0,14.0,952780.0,48933.0,2784.0,4087.0,16009.0,16454.0,5.607661764705883,0.19325,30.0,12.0,29.0,6.0,8.0,88.8889
24,43,76.2,2007-02-06,2006-03-02,nv,bl,m12,Pass,1.0,CN,0.0,ADNI1,1,ADNI1,ADNI1,018_S_0043,18,2.0,1662970.0,Male,16,Not Hisp/Latino,White,Married,71.0,175.0,21.0,1069420.0,33775.0,4381.0,7590.0,20024.0,19867.0,4.511052352941176,0.0018391,29.0,10.0,53.0,6.0,2.0,15.3846
27,47,84.7,2006-12-08,2005-12-15,nv,bl,m12,Pass,1.0,CN,0.0,ADNI1,1,ADNI1,ADNI1,100_S_0047,100,2.0,1684000.0,Male,20,Not Hisp/Latino,White,Married,73.0,252.0,24.0,1036750.0,61917.0,4285.0,6914.0,21448.0,16413.0,-3.0166243523316063,0.057661,30.0,11.0,41.0,9.0,1.0,9.090910000000001
30,51,66.5,2006-12-26,2005-08-12,nv,bl,m12,Pass,1.0,LMCI,2.0,ADNI1,1,ADNI1,ADNI1,099_S_0051,99,2.0,1618020.0,Male,18,Not Hisp/Latino,White,Married,80.0,91.0,30.0,1098620.0,28970.0,3325.0,6232.0,20307.0,20512.0,2.7465720443349757,-0.061174,27.0,17.67,29.0,1.0,4.0,57.1429
34,56,69.6,2006-12-19,2005-12-22,nv,bl,m12,Pass,1.0,CN,0.0,ADNI1,1,ADNI1,ADNI1,067_S_0056,67,2.0,1322650.0,Female,13,Not Hisp/Latino,Black,Widowed,37.0,210.0,16.0,930513.0,13272.0,2796.0,7606.0,14746.0,17161.0,6.576303703703705,0.024716,28.0,3.0,48.0,10.0,4.0,28.5714
35,57,77.3,2007-01-05,2006-06-01,nv,bl,m12,Pass,1.0,LMCI,1.0,ADNI1,1,ADNI1,ADNI1,018_S_0057,18,1.0,1876080.0,Male,20,Not Hisp/Latino,White,Married,98.0,172.0,44.0,1016500.0,145115.0,3303.0,6767.0,19065.0,14297.0,22.6146213768116,0.38713,27.0,19.67,29.0,6.0,8.0,100.0
37,59,70.9,2006-12-19,2005-12-22,nv,bl,m12,Pass,1.0,CN,0.0,ADNI1,1,ADNI1,ADNI1,067_S_0059,67,2.0,1227680.0,Female,13,Not Hisp/Latino,Black,Widowed,45.0,266.0,16.0,850957.0,11976.0,2790.0,7389.0,16540.0,13966.0,4.059969758064516,0.014451,29.0,10.0,47.0,7.0,1.0,9.090910000000001
39,61,77.0,2006-12-06,2005-12-15,nv,bl,m12,Pass,1.0,CN,0.0,ADNI1,1,ADNI1,ADNI1,023_S_0061,23,2.0,1470710.0,Female,15,Not Hisp/Latino,Black,Widowed,72.0,211.0,23.0,920410.0,29761.0,4645.0,7262.0,17177.0,17756.0,3.3127782258064515,0.044167000000000005,29.0,5.0,34.0,3.0,2.0,25.0
44,70,74.0,2007-03-19,2006-02-02,nv,bl,m12,Pass,1.0,CN,0.0,ADNI1,1,ADNI1,ADNI1,007_S_0070,7,2.0,1636370.0,Male,14,Not Hisp/Latino,White,Married,79.0,269.0,17.0,1111850.0,30901.0,3977.0,7766.0,19609.0,18898.0,8.872567058823531,0.15433,27.0,14.67,29.0,4.0,2.0,28.5714
47,76,78.3,2007-03-12,2006-12-01,nv,bl,m12,Pass,1.0,AD,1.0,ADNI1,1,ADNI1,ADNI1,067_S_0076,67,2.0,1514240.0,Male,12,Not Hisp/Latino,White,Married,150.0,105.0,35.0,940406.0,30910.0,1972.0,4719.0,15596.0,14667.0,9.910872559652928,0.15941,25.0,24.67,22.0,1.0,4.0,80.0
48,77,79.7,2007-03-05,2006-08-02,nv,bl,m12,Pass,1.0,LMCI,0.0,ADNI1,1,ADNI1,ADNI1,067_S_0077,67,2.0,1407360.0,Male,18,Not Hisp/Latino,Asian,Married,301.0,157.0,69.0,838061.0,44428.0,2082.0,4764.0,13444.0,14919.0,17.472095671981776,0.31811,28.0,27.0,18.0,3.0,5.0,100.0
52,83,73.2,2007-01-08,2006-01-19,nv,bl,m12,Pass,1.0,AD,2.0,ADNI1,1,ADNI1,ADNI1,023_S_0083,23,3.0,1529520.0,Male,17,Not Hisp/Latino,White,Married,138.0,71.0,53.0,921458.0,38960.0,1973.0,5060.0,14708.0,15217.0,11.231905769230769,0.25125,22.0,28.0,18.0,0.0,4.0,100.0
53,84,75.3,2007-01-24,2006-01-24,nv,bl,m12,Pass,1.0,AD,1.0,ADNI1,1,ADNI1,ADNI1,023_S_0084,23,2.0,1345650.0,Female,14,Not Hisp/Latino,White,Married,81.0,128.0,29.0,868796.0,30223.0,2134.0,4498.0,16842.0,11738.0,7.135182467532468,0.32372,24.0,23.0,25.0,3.0,6.0,100.0
57,89,65.1,2007-02-07,2006-01-31,nv,bl,m12,Pass,1.0,CN,0.0,ADNI1,1,ADNI1,ADNI1,073_S_0089,73,2.0,1559560.0,Male,20,Not Hisp/Latino,White,Married,45.0,263.0,20.0,1079510.0,21339.0,4468.0,7713.0,23962.0,22039.0,10.350041777188329,0.01073,30.0,3.67,54.0,7.0,2.0,15.3846
59,91,62.4,2007-01-11,2006-03-01,nv,bl,m12,Pass,1.0,AD,0.0,ADNI1,1,ADNI1,ADNI1,123_S_0091,123,1.0,1355510.0,Male,20,Not Hisp/Latino,White,Married,92.0,143.0,36.0,993236.0,9166.0,4196.0,9572.0,16406.0,13445.0,5.559599609375,0.031382,25.0,20.33,28.0,6.0,2.0,20.0
60,93,77.2,2007-02-13,2006-01-26,nv,bl,m12,Pass,1.0,AD,1.0,ADNI1,1,ADNI1,ADNI1,023_S_0093,23,4.0,1417890.0,Female,16,Not Hisp/Latino,White,Widowed,81.0,175.0,31.0,809713.0,63883.0,2944.0,5922.0,14652.0,11239.0,31.718000000000004,0.44185,23.0,36.67,17.0,1.0,4.0,100.0
61,94,70.7,2007-01-10,2006-05-01,nv,bl,m12,Pass,1.0,AD,1.0,ADNI1,1,ADNI1,ADNI1,123_S_0094,123,1.0,1551520.0,Female,14,Not Hisp/Latino,White,Married,146.0,150.0,31.0,971199.0,52205.0,1676.0,5107.0,13867.0,11981.0,23.33928174603175,0.32846,21.0,38.67,23.0,4.0,7.0,100.0
62,95,71.1,2007-03-07,2006-09-01,nv,bl,m12,Pass,1.0,CN,0.0,ADNI1,1,ADNI1,ADNI1,032_S_0095,32,3.0,1464030.0,Male,12,Not Hisp/Latino,White,Married,94.0,216.0,28.0,1014880.0,16639.0,3407.0,7821.0,20691.0,13401.0,-5.865582954545454,0.0045929,26.0,8.0,37.0,6.0,-1.0,-11.1111
63,96,79.6,2007-01-25,2006-01-31,nv,bl,m12,Pass,1.0,CN,0.0,ADNI1,1,ADNI1,ADNI1,022_S_0096,22,2.0,1812380.0,Male,20,Not Hisp/Latino,White,Married,32.0,256.0,18.0,1050940.0,74504.0,3213.0,7465.0,21680.0,17815.0,1.2302641129032257,0.036941,30.0,4.0,51.0,8.0,1.0,7.142860000000001
64,97,72.8,2007-03-13,2006-02-22,nv,bl,m12,Pass,1.0,CN,0.0,ADNI1,1,ADNI1,ADNI1,020_S_0097,20,1.0,1677950.0,Female,14,Not Hisp/Latino,White,Never married,54.0,174.0,15.0,1106000.0,52682.0,4267.0,7608.0,23514.0,19609.0,4.782626470588236,-0.014536000000000004,30.0,2.67,57.0,10.0,-1.0,-7.142860000000001
66,101,73.6,2007-01-29,2006-04-01,nv,bl,m12,Pass,1.0,LMCI,2.0,ADNI1,1,ADNI1,ADNI1,007_S_0101,7,2.0,1690380.0,Male,18,Not Hisp/Latino,White,Married,47.0,142.0,19.0,1081740.0,60398.0,3279.0,6527.0,19111.0,15054.0,17.890035185185184,0.30926,27.0,11.0,24.0,3.0,5.0,71.4286
69,106,73.2,2007-01-24,2006-01-02,nv,bl,m12,Pass,1.0,CN,0.0,ADNI1,1,ADNI1,ADNI1,123_S_0106,123,3.0,1784790.0,Female,15,Not Hisp/Latino,White,Widowed,65.0,142.0,17.0,1165000.0,42139.0,4074.0,7570.0,22453.0,17989.0,18.4337418699187,0.16105,30.0,12.0,42.0,9.0,4.0,33.3333
70,107,60.7,2007-02-26,2006-02-27,nv,bl,m12,Pass,1.0,LMCI,0.0,ADNI1,1,ADNI1,ADNI1,136_S_0107,136,2.0,1487780.0,Female,19,Not Hisp/Latino,White,Married,54.0,285.0,16.0,1068860.0,22995.0,4547.0,7510.0,19924.0,17226.0,-6.861621657754011,0.018977,28.0,3.0,50.0,10.0,3.0,21.4286
74,111,75.8,2007-02-05,2006-01-31,nv,bl,m12,Pass,1.0,LMCI,1.0,ADNI1,1,ADNI1,ADNI1,099_S_0111,99,1.0,1593530.0,Female,16,Not Hisp/Latino,White,Married,159.0,135.0,38.0,946626.0,43605.0,2985.0,5572.0,17784.0,14245.0,21.499206266318534,0.2516,24.0,25.67,23.0,2.0,5.0,100.0
75,112,70.6,2007-02-05,2006-01-02,nv,bl,m12,Pass,1.0,LMCI,1.0,ADNI1,1,ADNI1,ADNI1,127_S_0112,127,1.0,1704260.0,Male,18,Not Hisp/Latino,White,Married,63.0,126.0,27.0,1156930.0,41874.0,4367.0,8255.0,24376.0,21541.0,21.64200386597938,0.19886,30.0,9.0,50.0,9.0,1.0,7.142860000000001
79,120,72.0,2007-02-16,2006-02-16,nv,bl,m12,Pass,1.0,CN,1.0,ADNI1,1,ADNI1,ADNI1,027_S_0120,27,1.0,1565520.0,Male,20,Not Hisp/Latino,White,Married,50.0,203.0,14.0,1121590.0,15289.0,3289.0,7859.0,21655.0,19640.0,6.998189999999999,0.0083588,30.0,13.33,29.0,1.0,-5.0,-100.0
80,123,73.3,2007-02-15,2006-07-02,nv,bl,m12,Pass,1.0,CN,0.0,ADNI1,1,ADNI1,ADNI1,131_S_0123,131,4.0,1411760.0,Male,20,Not Hisp/Latino,White,Married,120.0,202.0,22.0,888159.0,29686.0,2476.0,5792.0,14557.0,15704.0,-0.49243,-0.042488,30.0,5.0,50.0,4.0,-2.0,-20.0
82,126,77.5,2007-03-21,2006-02-16,nv,bl,m12,Pass,1.0,LMCI,1.0,ADNI1,1,ADNI1,ADNI1,023_S_0126,23,1.0,1468440.0,Female,14,Not Hisp/Latino,White,Divorced,72.0,137.0,26.0,917798.0,35491.0,2322.0,4946.0,15485.0,12852.0,15.287421798029554,0.26112,25.0,14.67,35.0,3.0,7.0,87.5
83,127,70.6,2007-03-27,2006-02-24,nv,bl,m12,Pass,1.0,CN,0.0,ADNI1,1,ADNI1,ADNI1,068_S_0127,68,2.0,1488910.0,Male,17,Not Hisp/Latino,White,Married,80.0,225.0,27.0,958982.0,35684.0,5384.0,7113.0,20934.0,18152.0,6.436856527093597,0.06099,29.0,10.67,32.0,2.0,0.0,0.0
85,129,80.2,2007-02-26,2006-02-13,nv,bl,m12,Pass,1.0,AD,0.0,ADNI1,1,ADNI1,ADNI1,022_S_0129,22,2.0,1335730.0,Female,16,Not Hisp/Latino,White,Married,94.0,171.0,35.0,840386.0,41762.0,1733.0,4670.0,14485.0,12132.0,11.539053896103894,0.2196,22.0,31.67,19.0,4.0,5.0,100.0
89,139,65.9,2007-02-09,2006-02-02,nv,bl,m12,Pass,1.0,AD,2.0,ADNI1,1,ADNI1,ADNI1,023_S_0139,23,4.0,1323800.0,Female,13,Not Hisp/Latino,White,Married,135.0,131.0,50.0,871987.0,26069.0,3620.0,5201.0,14015.0,15449.0,23.291,0.31053000000000003,25.0,22.33,32.0,4.0,5.0,62.5
92,147,59.7,2007-02-19,2006-09-02,nv,bl,m12,Pass,1.0,AD,0.0,ADNI1,1,ADNI1,ADNI1,032_S_0147,32,3.0,1656100.0,Female,18,Not Hisp/Latino,White,Married,87.0,130.0,26.0,1074030.0,32354.0,3300.0,8230.0,15909.0,12201.0,24.193821979434446,0.50098,25.0,49.33,11.0,2.0,3.0,100.0
94,150,73.9,2007-03-21,2006-08-03,nv,bl,m12,Pass,1.0,LMCI,0.0,ADNI1,1,ADNI1,ADNI1,037_S_0150,37,3.0,1674130.0,Male,12,Not Hisp/Latino,White,Married,180.0,139.0,53.0,1084990.0,49959.0,3400.0,5832.0,20936.0,19856.0,2.157009079903148,0.092159,27.0,22.33,31.0,2.0,7.0,100.0
98,159,77.9,2007-03-05,2006-03-03,nv,bl,m12,Pass,1.0,CN,0.0,ADNI1,1,ADNI1,ADNI1,021_S_0159,21,2.0,1321850.0,Female,17,Not Hisp/Latino,White,Married,37.0,197.0,27.0,926919.0,20206.0,3307.0,7167.0,17018.0,15900.0,18.60761090225564,0.16187,30.0,5.33,53.0,10.0,0.0,0.0
107,172,70.6,2007-04-07,2006-03-30,nv,bl,m12,Pass,1.0,CN,0.0,ADNI1,1,ADNI1,ADNI1,098_S_0172,98,2.0,1438560.0,Female,18,Not Hisp/Latino,White,Married,58.0,220.0,16.0,996061.0,14350.0,3926.0,7848.0,19328.0,16258.0,-0.09198888888888887,-0.060047,29.0,12.67,39.0,6.0,10.0,100.0
108,173,73.2,2007-02-27,2006-02-22,nv,bl,m12,Pass,1.0,CN,0.0,ADNI1,1,ADNI1,ADNI1,114_S_0173,114,1.0,1648290.0,Male,18,Not Hisp/Latino,White,Married,76.0,185.0,29.0,1055560.0,49186.0,3521.0,6951.0,23001.0,17074.0,12.205278141361255,0.23704,30.0,14.67,39.0,6.0,5.0,45.4545
109,176,74.7,2007-05-22,2006-09-05,nv,bl,m12,Pass,1.0,LMCI,1.0,ADNI1,1,ADNI1,ADNI1,067_S_0176,67,2.0,1584710.0,Male,19,Not Hisp/Latino,White,Married,153.0,145.0,50.0,1003220.0,34117.0,2971.0,5881.0,20271.0,16889.0,11.372155797101449,0.20969,28.0,20.33,17.0,0.0,3.0,100.0
110,177,74.8,2007-04-18,2006-04-14,nv,bl,m12,Pass,1.0,CN,0.0,ADNI1,1,ADNI1,ADNI1,067_S_0177,67,2.0,1384670.0,Female,14,Not Hisp/Latino,White,Never married,64.0,253.0,47.0,793659.0,56835.0,3247.0,5381.0,17944.0,15326.0,12.844323638613865,0.29518,29.0,6.67,37.0,5.0,6.0,66.6667
116,186,80.4,2007-03-05,2006-06-03,nv,bl,m12,Pass,1.0,CN,0.0,ADNI1,1,ADNI1,ADNI1,136_S_0186,136,1.0,1597540.0,Female,16,Not Hisp/Latino,White,Married,44.0,173.0,15.0,1023240.0,48795.0,3990.0,7774.0,19335.0,19148.0,8.07554077540107,0.016666999999999998,27.0,9.67,38.0,6.0,4.0,36.3636
118,188,86.1,2007-02-15,2006-02-22,nv,bl,m12,Pass,1.0,LMCI,1.0,ADNI1,1,ADNI1,ADNI1,128_S_0188,128,4.0,1823830.0,Male,16,Not Hisp/Latino,White,Married,169.0,109.0,55.0,1068160.0,51004.0,3823.0,6369.0,19561.0,19254.0,7.3586,0.17947000000000002,27.0,8.0,47.0,4.0,7.0,63.6364
120,194,80.5,2007-04-02,2006-04-24,nv,bl,m12,Pass,1.0,AD,0.0,ADNI1,1,ADNI1,ADNI1,136_S_0194,136,3.0,1300870.0,Female,12,Not Hisp/Latino,White,Widowed,182.0,147.0,49.0,823885.0,21749.0,2257.0,5614.0,14161.0,14562.0,4.907855042016807,0.083254,24.0,33.0,23.0,2.0,5.0,71.4286
124,204,71.1,2007-02-22,2006-02-23,nv,bl,m12,Pass,1.0,LMCI,0.0,ADNI1,1,ADNI1,ADNI1,035_S_0204,35,2.0,1506250.0,Female,16,Not Hisp/Latino,White,Divorced,61.0,81.0,30.0,939114.0,33202.0,3888.0,5675.0,17608.0,13360.0,9.864687667560322,0.17787,25.0,18.33,24.0,3.0,6.0,100.0
126,210,72.4,2007-05-01,2006-02-23,nv,bl,m12,Pass,1.0,CN,0.0,ADNI1,1,ADNI1,ADNI1,068_S_0210,68,4.0,1405310.0,Female,13,Not Hisp/Latino,White,Married,71.0,227.0,10.0,964941.0,13009.0,4278.0,7691.0,18197.0,15111.0,1.8542,0.0011689,29.0,10.67,44.0,9.0,5.0,38.4615
127,213,62.9,2007-06-04,2006-10-04,nv,bl,m12,Pass,1.0,AD,0.0,ADNI1,1,ADNI1,ADNI1,020_S_0213,20,1.0,1597960.0,Male,18,Not Hisp/Latino,White,Married,211.0,149.0,74.0,1009060.0,24497.0,4421.0,7350.0,18718.0,15459.0,16.070167995444194,0.090716,24.0,21.33,23.0,2.0,4.0,80.0
132,221,67.4,2007-03-21,2006-03-23,nv,bl,m12,Pass,1.0,AD,2.0,ADNI1,1,ADNI1,ADNI1,005_S_0221,5,2.0,1775150.0,Male,18,Not Hisp/Latino,White,Married,218.0,90.0,113.0,1050170.0,56491.0,2333.0,4930.0,18743.0,16974.0,31.05277232142857,0.30832,20.0,35.0,21.0,4.0,6.0,100.0
134,223,78.0,2007-03-17,2006-03-24,nv,bl,m12,Pass,1.0,CN,1.0,ADNI1,1,ADNI1,ADNI1,005_S_0223,5,4.0,1486300.0,Female,18,Not Hisp/Latino,White,Married,121.0,159.0,47.0,964368.0,34337.0,1870.0,5565.0,16884.0,14024.0,-0.11454,0.21112,30.0,10.33,41.0,6.0,10.0,90.9091
140,231,60.3,2007-03-21,2006-03-16,nv,bl,m12,Pass,1.0,LMCI,0.0,ADNI1,1,ADNI1,ADNI1,021_S_0231,21,1.0,1721770.0,Male,18,Not Hisp/Latino,White,Married,105.0,150.0,30.0,1078260.0,28981.0,4275.0,8124.0,20817.0,18704.0,19.790683290155442,0.10767,29.0,17.33,28.0,3.0,5.0,71.4286
141,232,78.0,2007-03-05,2006-03-13,nv,bl,m12,Pass,1.0,CN,0.0,ADNI1,1,ADNI1,ADNI1,130_S_0232,130,1.0,1755560.0,Male,20,Not Hisp/Latino,White,Married,52.0,186.0,15.0,1087560.0,44280.0,4412.0,7751.0,23261.0,20566.0,-1.261052845528455,-0.076931,29.0,11.67,38.0,5.0,4.0,40.0
142,240,88.3,2007-04-12,2006-05-04,nv,bl,m12,Pass,1.0,LMCI,0.0,ADNI1,1,ADNI1,ADNI1,013_S_0240,13,4.0,1547510.0,Male,16,Not Hisp/Latino,White,Married,75.0,247.0,19.0,921628.0,55742.0,2745.0,4645.0,15944.0,14524.0,-16.245,-0.21359,28.0,17.33,40.0,8.0,8.0,66.6667
144,243,68.0,2007-04-03,2006-04-13,nv,bl,m12,Pass,1.0,LMCI,1.0,ADNI1,1,ADNI1,ADNI1,067_S_0243,67,2.0,1497050.0,Female,15,Not Hisp/Latino,White,Married,151.0,146.0,50.0,906228.0,35256.0,3394.0,6228.0,15821.0,19055.0,20.028811538461536,0.19372,28.0,19.67,25.0,-1.0,5.0,100.0
147,256,70.1,2007-04-09,2006-05-04,nv,bl,m12,Pass,1.0,LMCI,2.0,ADNI1,1,ADNI1,ADNI1,027_S_0256,27,1.0,1571960.0,Male,20,Not Hisp/Latino,White,Married,93.0,89.0,54.0,1011510.0,36075.0,3364.0,5372.0,17316.0,18260.0,21.22825390625,0.27732,27.0,26.0,30.0,-1.0,5.0,100.0
148,257,78.5,2007-08-14,2006-02-08,nv,bl,m12,Pass,1.0,CN,1.0,ADNI1,1,ADNI1,ADNI1,067_S_0257,67,1.0,1327250.0,Female,6,Not Hisp/Latino,White,Never married,63.0,137.0,22.0,823115.0,22160.0,3021.0,6079.0,17237.0,14554.0,7.650856194690267,0.053794000000000015,29.0,6.67,47.0,3.0,3.0,27.2727
149,258,71.3,2007-05-03,2006-02-05,nv,bl,m12,Pass,1.0,LMCI,1.0,ADNI1,1,ADNI1,ADNI1,128_S_0258,128,4.0,1609370.0,Female,14,Not Hisp/Latino,White,Widowed,84.0,96.0,24.0,1082620.0,48489.0,2829.0,5909.0,19899.0,15158.0,26.166,0.16816,29.0,14.33,30.0,5.0,8.0,100.0
150,259,70.6,2007-03-29,2006-03-28,nv,bl,m12,Pass,1.0,CN,0.0,ADNI1,1,ADNI1,ADNI1,127_S_0259,127,4.0,1419560.0,Male,20,Not Hisp/Latino,White,Married,91.0,155.0,42.0,907855.0,31695.0,3585.0,5951.0,15478.0,16534.0,-5.4364,-0.22473,30.0,10.33,56.0,7.0,2.0,14.2857
151,260,78.6,2007-05-08,2006-02-05,nv,bl,m12,Pass,1.0,CN,0.0,ADNI1,1,ADNI1,ADNI1,127_S_0260,127,4.0,1324050.0,Female,13,Not Hisp/Latino,White,Married,56.0,277.0,14.0,910755.0,23196.0,4851.0,6221.0,17547.0,15677.0,-0.74032,-0.061121,30.0,4.33,51.0,6.0,0.0,0.0
153,266,85.5,2007-04-12,2006-04-17,nv,bl,m12,Pass,1.0,AD,1.0,ADNI1,1,ADNI1,ADNI1,128_S_0266,128,4.0,1698350.0,Male,20,Not Hisp/Latino,White,Married,48.0,88.0,21.0,1023410.0,89472.0,2558.0,5260.0,17561.0,16294.0,10.806,0.24657,26.0,22.67,26.0,5.0,6.0,75.0
154,269,67.1,2007-04-14,2006-12-04,nv,bl,m12,Pass,1.0,LMCI,1.0,ADNI1,1,ADNI1,ADNI1,098_S_0269,98,2.0,1575660.0,Male,16,Not Hisp/Latino,White,Married,113.0,141.0,39.0,1014790.0,44416.0,3585.0,5893.0,19225.0,14586.0,17.061493226600987,0.25855,28.0,20.67,28.0,3.0,7.0,100.0
155,272,70.4,2007-05-02,2006-04-26,nv,bl,m12,Pass,1.0,CN,0.0,ADNI1,1,ADNI1,ADNI1,128_S_0272,128,4.0,1569830.0,Female,19,Not Hisp/Latino,White,Married,68.0,162.0,16.0,1089890.0,25688.0,4086.0,7846.0,24422.0,18922.0,19.608,0.23938,30.0,4.67,59.0,8.0,6.0,40.0
156,273,62.8,2007-05-29,2006-05-04,nv,bl,m12,Pass,1.0,LMCI,0.0,ADNI1,1,ADNI1,ADNI1,021_S_0273,21,3.0,1772350.0,Male,12,Not Hisp/Latino,White,Married,45.0,196.0,37.0,1074340.0,43102.0,3810.0,8150.0,24030.0,21439.0,8.644250000000001,0.32932,30.0,23.0,27.0,3.0,8.0,100.0
161,285,65.6,2007-03-26,2006-03-04,nv,bl,m12,Pass,1.0,LMCI,1.0,ADNI1,1,ADNI1,ADNI1,130_S_0285,130,2.0,1503700.0,Male,10,Not Hisp/Latino,White,Married,132.0,129.0,38.0,1060330.0,12584.0,4441.0,7745.0,18572.0,18306.0,0.4008347702919079,0.16829000000000002,28.0,11.0,49.0,7.0,7.0,50.0
162,286,65.9,2007-05-15,2006-05-17,nv,bl,m12,Pass,1.0,AD,0.0,ADNI1,1,ADNI1,ADNI1,018_S_0286,18,2.0,1847420.0,Male,16,Not Hisp/Latino,White,Married,187.0,176.0,92.0,1128530.0,74313.0,3531.0,6955.0,17448.0,19294.0,13.401529306220095,0.077145,26.0,34.0,22.0,4.0,5.0,83.3333
166,291,79.4,2007-04-02,2006-03-24,nv,bl,m12,Pass,1.0,LMCI,1.0,ADNI1,1,ADNI1,ADNI1,099_S_0291,99,2.0,1547310.0,Male,16,Not Hisp/Latino,White,Divorced,78.0,111.0,33.0,962701.0,50103.0,3904.0,7090.0,19828.0,16690.0,14.528311696658097,0.19111,30.0,10.33,31.0,5.0,3.0,33.3333
167,292,76.4,2007-05-10,2006-12-04,nv,bl,m12,Pass,1.0,LMCI,0.0,ADNI1,1,ADNI1,ADNI1,035_S_0292,35,2.0,1641090.0,Male,16,Not Hisp/Latino,Asian,Married,46.0,216.0,14.0,1049060.0,43479.0,2901.0,5495.0,17970.0,18101.0,5.893405797101448,0.15829,24.0,29.67,20.0,2.0,5.0,100.0
169,294,79.2,2007-04-04,2006-03-28,nv,bl,m12,Pass,1.0,LMCI,0.0,ADNI1,1,ADNI1,ADNI1,031_S_0294,31,4.0,1737740.0,Male,16,Not Hisp/Latino,White,Married,78.0,266.0,22.0,990015.0,49186.0,4622.0,5960.0,15794.0,16837.0,12.978,0.043408,26.0,16.0,28.0,4.0,2.0,28.5714
170,295,84.8,2007-05-25,2006-09-05,nv,bl,m12,Pass,1.0,CN,1.0,ADNI1,1,ADNI1,ADNI1,002_S_0295,2,2.0,1633860.0,Male,18,Not Hisp/Latino,White,Married,100.0,162.0,41.0,1076350.0,39130.0,3619.0,7068.0,19829.0,16561.0,4.621048507462686,-0.0049696,28.0,4.0,56.0,5.0,3.0,23.0769
173,299,89.1,2007-05-14,2006-12-05,nv,bl,m12,Pass,1.0,AD,0.0,ADNI1,1,ADNI1,ADNI1,136_S_0299,136,1.0,1390350.0,Female,20,Not Hisp/Latino,White,Never married,49.0,279.0,8.0,854518.0,45480.0,3746.0,6245.0,19453.0,15823.0,17.069156746031744,0.048144,26.0,18.33,20.0,2.0,5.0,100.0
174,300,56.4,2007-05-29,2006-05-22,nv,bl,m12,Pass,1.0,AD,2.0,ADNI1,1,ADNI1,ADNI1,136_S_0300,136,1.0,1852660.0,Male,16,Not Hisp/Latino,White,Married,95.0,130.0,38.0,1364690.0,25658.0,4101.0,7354.0,28103.0,22638.0,3.976007142857143,0.1663,23.0,19.67,27.0,2.0,6.0,100.0
178,307,78.5,2007-05-07,2006-04-28,nv,bl,m12,Pass,1.0,LMCI,0.0,ADNI1,1,ADNI1,ADNI1,027_S_0307,27,1.0,1514190.0,Male,19,Not Hisp/Latino,White,Married,34.0,187.0,15.0,978440.0,32298.0,4062.0,7882.0,20332.0,14511.0,-9.167221590909092,-0.037452,28.0,21.0,20.0,1.0,5.0,100.0
179,310,82.7,2007-04-23,2006-04-24,nv,bl,m12,Pass,1.0,AD,0.0,ADNI1,1,ADNI1,ADNI1,128_S_0310,128,4.0,1531800.0,Male,16,Not Hisp/Latino,White,Married,157.0,127.0,55.0,873107.0,55129.0,2740.0,4412.0,13785.0,13529.0,25.489,0.22846,23.0,17.67,35.0,6.0,6.0,60.0
181,312,82.8,2007-07-05,2006-02-08,nv,bl,m12,Pass,1.0,CN,1.0,ADNI1,1,ADNI1,ADNI1,073_S_0312,73,2.0,1701610.0,Male,20,Not Hisp/Latino,White,Married,117.0,140.0,73.0,1038970.0,49716.0,3903.0,7164.0,22056.0,18131.0,11.74461375,0.20561,30.0,14.67,34.0,3.0,3.0,37.5
182,314,72.1,2007-05-02,2006-04-20,nv,bl,m12,Pass,1.0,LMCI,1.0,ADNI1,1,ADNI1,ADNI1,041_S_0314,41,2.0,1700650.0,Male,19,Not Hisp/Latino,White,Married,101.0,107.0,41.0,1077770.0,32799.0,2898.0,6566.0,21282.0,19822.0,10.85340375,0.038629,28.0,22.33,27.0,4.0,7.0,100.0
186,321,68.3,2007-04-19,2006-04-19,nv,bl,m12,Pass,1.0,AD,2.0,ADNI1,1,ADNI1,ADNI1,031_S_0321,31,2.0,1438220.0,Male,18,Not Hisp/Latino,White,Married,64.0,84.0,38.0,905488.0,18547.0,3210.0,6841.0,19415.0,16485.0,6.409488578680202,0.19234,26.0,22.33,27.0,2.0,6.0,100.0
190,327,70.0,2007-05-25,2006-05-26,nv,bl,m12,Pass,1.0,CN,0.0,ADNI1,1,ADNI1,ADNI1,037_S_0327,37,2.0,1713690.0,Male,16,Not Hisp/Latino,White,Divorced,61.0,240.0,19.0,1084630.0,52981.0,5064.0,8209.0,22309.0,19490.0,8.503675810473815,-0.025479,29.0,15.0,44.0,7.0,2.0,16.6667
192,331,64.6,2007-04-11,2006-06-04,nv,bl,m12,Pass,1.0,LMCI,2.0,ADNI1,1,ADNI1,ADNI1,023_S_0331,23,2.0,1472550.0,Female,14,Not Hisp/Latino,White,Married,167.0,139.0,41.0,970467.0,28016.0,2723.0,5561.0,17056.0,15695.0,3.322443359375,0.14861,27.0,22.0,31.0,1.0,7.0,100.0
195,336,76.1,2007-05-21,2006-01-06,nv,bl,m12,Pass,1.0,LMCI,1.0,ADNI1,1,ADNI1,ADNI1,067_S_0336,67,2.0,1513410.0,Male,17,Not Hisp/Latino,White,Married,152.0,141.0,38.0,953844.0,26507.0,3346.0,5622.0,13174.0,12810.0,11.404022905759161,0.31565,24.0,19.0,19.0,1.0,4.0,100.0
198,341,74.0,2007-06-21,2006-04-26,nv,bl,m12,Pass,1.0,AD,2.0,ADNI1,1,ADNI1,ADNI1,035_S_0341,35,1.0,1811190.0,Male,16,Not Hisp/Latino,White,Married,64.0,128.0,38.0,1044930.0,86769.0,1965.0,5890.0,18886.0,15218.0,16.42217006802721,0.18452,25.0,30.67,20.0,1.0,3.0,75.0
200,344,78.8,2007-04-25,2006-04-19,nv,bl,m12,Pass,1.0,LMCI,2.0,ADNI1,1,ADNI1,ADNI1,007_S_0344,7,1.0,1432330.0,Male,13,Not Hisp/Latino,White,Married,87.0,114.0,39.0,980473.0,25539.0,2759.0,4868.0,20001.0,16332.0,5.980734615384615,0.14142000000000002,26.0,23.67,26.0,3.0,6.0,100.0
202,352,77.0,2007-04-13,2006-04-14,nv,bl,m12,Pass,1.0,CN,0.0,ADNI1,1,ADNI1,ADNI1,099_S_0352,99,1.0,1255230.0,Female,14,Not Hisp/Latino,White,Married,55.0,221.0,18.0,788112.0,33503.0,3256.0,5471.0,15798.0,15732.0,10.825576819407006,0.078724,29.0,9.67,53.0,7.0,-1.0,-7.692310000000001
207,361,74.5,2007-05-10,2006-10-05,nv,bl,m12,Pass,1.0,LMCI,1.0,ADNI1,1,ADNI1,ADNI1,116_S_0361,116,3.0,1712200.0,Male,17,Not Hisp/Latino,White,Married,77.0,125.0,88.0,1124150.0,32637.0,3578.0,7676.0,19109.0,18651.0,15.008103174603177,0.14806,29.0,26.0,29.0,3.0,7.0,100.0
208,362,70.5,2007-04-16,2006-04-19,nv,bl,m12,Pass,1.0,LMCI,1.0,ADNI1,1,ADNI1,ADNI1,011_S_0362,11,3.0,1308430.0,Female,16,Not Hisp/Latino,Black,Married,274.0,86.0,70.0,880109.0,18167.0,2157.0,5151.0,13821.0,14320.0,12.47366796875,0.23812,24.0,20.33,31.0,2.0,7.0,100.0
210,366,56.5,2007-06-20,2006-05-06,nv,bl,m12,Pass,1.0,AD,0.0,ADNI1,1,ADNI1,ADNI1,137_S_0366,137,4.0,1287200.0,Female,20,Not Hisp/Latino,White,Divorced,117.0,141.0,31.0,784597.0,21958.0,3012.0,6417.0,10544.0,12298.0,18.392,0.43592,23.0,28.0,26.0,7.0,1.0,14.2857
215,376,70.5,2007-03-20,2006-04-20,nv,bl,m12,Pass,1.0,LMCI,0.0,ADNI1,1,ADNI1,ADNI1,023_S_0376,23,3.0,1649320.0,Male,15,Not Hisp/Latino,White,Married,56.0,272.0,16.0,993712.0,61934.0,4061.0,7036.0,19173.0,17368.0,7.563068376068375,0.10844,28.0,9.0,34.0,4.0,3.0,37.5
217,378,69.0,2007-05-11,2006-04-24,nv,bl,m12,Pass,1.0,LMCI,1.0,ADNI1,1,ADNI1,ADNI1,114_S_0378,114,2.0,1452790.0,Female,16,Not Hisp/Latino,White,Married,188.0,129.0,53.0,920176.0,36353.0,3294.0,6132.0,17825.0,14681.0,4.395720149253732,0.17827,28.0,12.67,35.0,2.0,7.0,100.0
220,386,72.3,2007-05-31,2006-05-23,nv,bl,m12,Pass,1.0,CN,1.0,ADNI1,1,ADNI1,ADNI1,073_S_0386,73,3.0,1518420.0,Female,13,Not Hisp/Latino,White,Married,54.0,230.0,20.0,1033050.0,17747.0,3584.0,7817.0,20624.0,19929.0,7.53440578817734,0.13703,29.0,13.0,48.0,4.0,5.0,45.4545
221,388,71.2,2007-04-13,2006-04-25,nv,bl,m12,Pass,1.0,LMCI,2.0,ADNI1,1,ADNI1,ADNI1,023_S_0388,23,2.0,1813880.0,Male,15,Not Hisp/Latino,White,Married,103.0,94.0,31.0,1198590.0,58697.0,2848.0,7225.0,21677.0,18848.0,21.887209239130435,0.46042,25.0,21.33,31.0,4.0,5.0,62.5
228,400,69.2,2007-05-18,2006-04-27,nv,bl,m12,Pass,1.0,AD,0.0,ADNI1,1,ADNI1,ADNI1,032_S_0400,32,3.0,1693730.0,Male,18,Not Hisp/Latino,White,Married,73.0,91.0,45.0,1042700.0,60923.0,2781.0,6555.0,17838.0,12880.0,17.615933712121212,0.2453,26.0,20.0,23.0,2.0,1.0,25.0
230,403,76.3,2007-05-16,2006-04-05,nv,bl,m12,Pass,1.0,CN,0.0,ADNI1,1,ADNI1,ADNI1,027_S_0403,27,1.0,1593020.0,Male,16,Not Hisp/Latino,White,Married,120.0,121.0,39.0,1043920.0,27337.0,4562.0,7509.0,18596.0,18093.0,13.287253196930948,0.14007999999999998,30.0,15.0,30.0,5.0,5.0,62.5
231,404,87.8,2007-05-09,2006-12-05,nv,bl,m12,Pass,1.0,AD,0.0,ADNI1,1,ADNI1,ADNI1,027_S_0404,27,3.0,1290680.0,Female,14,Not Hisp/Latino,White,Married,166.0,284.0,32.0,757838.0,35915.0,1708.0,3792.0,15652.0,12002.0,-2.8890596816976126,-0.0050388,20.0,24.67,23.0,0.0,4.0,100.0
237,410,61.3,2007-04-23,2006-04-26,nv,bl,m12,Pass,1.0,LMCI,1.0,ADNI1,1,ADNI1,ADNI1,114_S_0410,114,2.0,1500160.0,Female,16,Not Hisp/Latino,White,Divorced,79.0,232.0,23.0,1074320.0,20100.0,3477.0,9104.0,20053.0,19355.0,-1.7018675675675676,0.052791,29.0,18.67,38.0,5.0,5.0,50.0
238,413,76.3,2007-06-01,2006-08-05,nv,bl,m12,Pass,1.0,CN,0.0,ADNI1,1,ADNI1,ADNI1,002_S_0413,2,1.0,1599490.0,Female,16,Not Hisp/Latino,White,Married,39.0,242.0,12.0,1052840.0,29098.0,4133.0,6905.0,20341.0,20208.0,-2.8341550632911394,-0.053608,29.0,4.33,52.0,6.0,5.0,41.6667
244,422,61.6,2007-09-28,2006-09-15,nv,bl,m12,Pass,1.0,LMCI,0.0,ADNI1,1,ADNI1,ADNI1,010_S_0422,10,2.0,1697780.0,Male,20,Not Hisp/Latino,White,Married,83.0,285.0,20.0,1187420.0,19815.0,4396.0,8446.0,21445.0,19166.0,2.1092582781456954,0.022374,29.0,10.67,43.0,7.0,13.0,100.0
249,429,62.7,2007-06-18,2006-06-27,nv,bl,m12,Pass,1.0,LMCI,0.0,ADNI1,1,ADNI1,ADNI1,136_S_0429,136,2.0,1805170.0,Male,12,Not Hisp/Latino,White,Married,49.0,208.0,18.0,1297920.0,28442.0,3804.0,8640.0,20908.0,19562.0,0.5622276422764227,-0.083531,25.0,16.33,23.0,0.0,4.0,100.0
250,431,84.0,2007-06-28,2006-06-23,nv,bl,m12,Pass,1.0,AD,1.0,ADNI1,1,ADNI1,ADNI1,127_S_0431,127,2.0,1700890.0,Male,12,Not Hisp/Latino,White,Married,115.0,123.0,55.0,1034930.0,52578.0,3599.0,6177.0,19758.0,17591.0,15.673442874692874,0.43268,24.0,29.0,16.0,0.0,3.0,100.0
251,433,85.5,2007-05-10,2006-05-18,nv,bl,m12,Pass,1.0,CN,0.0,ADNI1,1,ADNI1,ADNI1,133_S_0433,133,2.0,1282470.0,Female,14,Not Hisp/Latino,White,Married,92.0,166.0,30.0,856263.0,20593.0,3237.0,7203.0,19207.0,13223.0,3.3726713709677414,0.06514400000000001,27.0,7.33,36.0,3.0,5.0,62.5
256,442,74.7,2007-06-26,2006-05-26,nv,bl,m12,Pass,1.0,LMCI,1.0,ADNI1,1,ADNI1,ADNI1,068_S_0442,68,2.0,1690080.0,Male,16,Not Hisp/Latino,White,Married,54.0,234.0,16.0,1064010.0,44731.0,2462.0,4737.0,18998.0,14269.0,15.311315375302662,0.13507,29.0,16.67,32.0,3.0,5.0,71.4286
257,443,63.0,2007-08-08,2006-07-27,nv,bl,m12,Pass,1.0,LMCI,0.0,ADNI1,1,ADNI1,ADNI1,137_S_0443,137,4.0,1432110.0,Male,18,Not Hisp/Latino,White,Married,73.0,233.0,25.0,1041590.0,7801.0,3746.0,7677.0,23329.0,17791.0,-0.47313,-0.027055000000000003,28.0,7.33,45.0,4.0,2.0,20.0
260,448,85.5,2007-07-13,2006-05-15,nv,bl,m12,Pass,1.0,LMCI,0.0,ADNI1,1,ADNI1,ADNI1,005_S_0448,5,1.0,1827510.0,Male,17,Not Hisp/Latino,White,Married,64.0,294.0,22.0,1072120.0,68381.0,4649.0,5887.0,20852.0,18214.0,5.928805172413792,0.048736,26.0,15.67,35.0,6.0,7.0,63.6364
263,454,81.8,2007-06-13,2006-06-14,nv,bl,m12,Pass,1.0,CN,0.0,ADNI1,1,ADNI1,ADNI1,037_S_0454,37,1.0,1448740.0,Female,13,Not Hisp/Latino,White,Married,97.0,216.0,32.0,942487.0,32320.0,3633.0,6787.0,16602.0,13901.0,3.02244375,-0.0065555000000000006,29.0,13.0,39.0,5.0,3.0,30.0
266,459,72.9,2007-05-17,2006-08-05,nv,bl,m12,Pass,1.0,CN,0.0,ADNI1,1,ADNI1,ADNI1,137_S_0459,137,3.0,1595670.0,Male,16,Not Hisp/Latino,White,Never married,106.0,265.0,35.0,1006520.0,36300.0,3568.0,7383.0,18672.0,15161.0,2.4472693798449607,-0.10132,30.0,15.0,30.0,3.0,6.0,85.7143
269,467,81.1,2007-06-15,2006-06-13,nv,bl,m12,Pass,1.0,CN,0.0,ADNI1,1,ADNI1,ADNI1,037_S_0467,37,3.0,1530130.0,Female,12,Not Hisp/Latino,White,Married,68.0,116.0,22.0,1027780.0,37987.0,3406.0,6257.0,19284.0,16266.0,14.300117970660144,0.14128,30.0,7.0,46.0,5.0,8.0,66.6667
271,470,86.6,2007-05-17,2006-05-17,nv,bl,m12,Pass,1.0,AD,1.0,ADNI1,1,ADNI1,ADNI1,099_S_0470,99,3.0,1480430.0,Female,13,Not Hisp/Latino,White,Married,164.0,120.0,41.0,938134.0,27804.0,2382.0,5766.0,15568.0,13644.0,11.255983870967743,0.24361,21.0,34.67,20.0,1.0,4.0,100.0
272,472,72.0,2007-11-16,2006-11-21,nv,bl,m12,Pass,1.0,CN,0.0,ADNI1,1,ADNI1,ADNI1,010_S_0472,10,3.0,1554320.0,Male,20,Not Hisp/Latino,White,Married,71.0,259.0,19.0,1012870.0,42098.0,5119.0,7358.0,19954.0,19057.0,0.8363105849582173,0.13435,30.0,6.0,42.0,8.0,5.0,41.6667
277,479,73.5,2007-06-08,2006-01-06,nv,bl,m12,Pass,1.0,CN,0.0,ADNI1,1,ADNI1,ADNI1,032_S_0479,32,1.0,1480450.0,Female,20,Not Hisp/Latino,White,Married,72.0,114.0,26.0,1054910.0,32528.0,3084.0,7880.0,21091.0,14675.0,14.821262853470438,0.21982,30.0,6.0,57.0,6.0,6.0,46.1538
278,481,84.8,2007-05-24,2006-01-06,nv,bl,m12,Pass,1.0,LMCI,1.0,ADNI1,1,ADNI1,ADNI1,137_S_0481,137,4.0,1657830.0,Male,18,Not Hisp/Latino,White,Divorced,87.0,125.0,31.0,977698.0,48762.0,3705.0,6102.0,18695.0,17772.0,13.553,-0.067011,24.0,13.67,37.0,8.0,5.0,45.4545
282,488,70.9,2007-07-11,2006-02-06,nv,bl,m12,Pass,1.0,CN,0.0,ADNI1,1,ADNI1,ADNI1,133_S_0488,133,4.0,1520640.0,Female,16,Not Hisp/Latino,White,Divorced,60.0,196.0,25.0,1044500.0,14768.0,4167.0,8819.0,18676.0,17361.0,-5.3162,-0.019461000000000003,30.0,10.67,46.0,7.0,10.0,83.3333
287,498,70.3,2007-09-25,2006-06-09,nv,bl,m12,Pass,1.0,CN,1.0,ADNI1,1,ADNI1,ADNI1,006_S_0498,6,1.0,1620040.0,Male,12,Not Hisp/Latino,White,Married,67.0,238.0,31.0,1139620.0,35917.0,4430.0,7655.0,21476.0,21634.0,13.426629380053908,0.0955,25.0,7.33,44.0,5.0,3.0,27.2727
289,501,77.9,2007-07-11,2006-06-23,nv,bl,m12,Pass,1.0,LMCI,0.0,ADNI1,1,ADNI1,ADNI1,037_S_0501,37,4.0,1542020.0,Male,13,Not Hisp/Latino,White,Married,94.0,104.0,38.0,962600.0,36564.0,3572.0,6410.0,21171.0,19185.0,14.101,0.25038,30.0,12.0,32.0,7.0,7.0,70.0
291,505,79.7,2007-10-10,2006-11-10,nv,bl,m12,Pass,1.0,LMCI,0.0,ADNI1,1,ADNI1,ADNI1,130_S_0505,130,3.0,1412780.0,Male,16,Not Hisp/Latino,White,Married,53.0,257.0,17.0,982353.0,26205.0,2469.0,5388.0,17250.0,15543.0,2.8195316742081453,0.043873,28.0,16.0,45.0,6.0,4.0,36.3636
293,507,55.2,2007-06-11,2006-05-29,nv,bl,m12,Pass,1.0,LMCI,0.0,ADNI1,1,ADNI1,ADNI1,053_S_0507,53,1.0,1278260.0,Female,18,Not Hisp/Latino,White,Married,135.0,118.0,63.0,837063.0,38365.0,2697.0,5904.0,12479.0,12571.0,22.283977040816325,0.10307,25.0,26.33,16.0,2.0,4.0,100.0
294,511,57.7,2007-06-06,2006-07-06,nv,bl,m12,Pass,1.0,LMCI,0.0,ADNI1,1,ADNI1,ADNI1,033_S_0511,33,2.0,1595490.0,Male,14,Not Hisp/Latino,White,Married,149.0,160.0,43.0,1015840.0,32700.0,3255.0,6289.0,14169.0,14583.0,16.078897297297296,0.16321,25.0,25.33,26.0,-1.0,3.0,75.0
296,514,80.7,2007-06-07,2006-09-06,nv,bl,m12,Pass,1.0,LMCI,0.0,ADNI1,1,ADNI1,ADNI1,033_S_0514,33,3.0,1983610.0,Male,20,Not Hisp/Latino,White,Married,41.0,224.0,14.0,1183960.0,108119.0,2824.0,6498.0,19051.0,15314.0,5.0271681818181815,0.034988,26.0,15.67,44.0,5.0,2.0,20.0
297,516,87.6,2007-06-08,2006-09-06,nv,bl,m12,Pass,1.0,CN,0.0,ADNI1,1,ADNI1,ADNI1,033_S_0516,33,1.0,1636690.0,Male,15,Not Hisp/Latino,White,Married,102.0,250.0,24.0,1061710.0,24266.0,3775.0,7363.0,19238.0,17375.0,1.133996073298429,-0.073267,27.0,16.67,43.0,4.0,6.0,54.5455
298,517,81.8,2007-06-05,2006-08-06,nv,bl,m12,Pass,1.0,AD,0.0,ADNI1,1,ADNI1,ADNI1,128_S_0517,128,4.0,1631600.0,Male,20,Not Hisp/Latino,White,Married,93.0,93.0,35.0,907683.0,79181.0,2575.0,6123.0,15549.0,11371.0,26.361,0.29334,20.0,23.0,42.0,7.0,4.0,36.3636
299,518,69.4,2007-11-29,2006-01-12,nv,bl,m12,Pass,1.0,LMCI,2.0,ADNI1,1,ADNI1,ADNI1,073_S_0518,73,2.0,1468460.0,Male,20,Not Hisp/Latino,White,Married,105.0,133.0,34.0,1031840.0,17288.0,4714.0,6535.0,18289.0,17267.0,18.951868243243247,0.26205,29.0,25.0,29.0,1.0,3.0,50.0
300,519,74.1,2007-05-23,2006-06-06,nv,bl,m12,Pass,1.0,CN,0.0,ADNI1,1,ADNI1,ADNI1,014_S_0519,14,2.0,1552560.0,Male,16,Not Hisp/Latino,White,Married,45.0,226.0,12.0,1023400.0,42667.0,3851.0,7749.0,22669.0,18662.0,4.1654042553191495,0.088644,29.0,6.67,45.0,4.0,4.0,36.3636
303,525,70.0,2007-07-26,2006-06-26,nv,bl,m12,Pass,1.0,CN,0.0,ADNI1,1,ADNI1,ADNI1,133_S_0525,133,2.0,1291290.0,Female,16,Not Hisp/Latino,White,Married,46.0,143.0,17.0,870255.0,44058.0,3651.0,6443.0,15122.0,12814.0,17.12607049763033,0.082561,30.0,5.33,46.0,7.0,7.0,58.3333
308,534,62.8,2007-05-23,2006-05-17,nv,bl,m12,Pass,1.0,CN,1.0,ADNI1,1,ADNI1,ADNI1,099_S_0534,99,1.0,1769390.0,Male,18,Not Hisp/Latino,White,Married,34.0,87.0,14.0,1179040.0,44493.0,4350.0,8764.0,26574.0,19820.0,2.082115234375,0.054996,28.0,8.0,49.0,4.0,0.0,0.0
309,535,76.8,2007-06-04,2006-06-13,nv,bl,m12,Pass,1.0,AD,1.0,ADNI1,1,ADNI1,ADNI1,062_S_0535,62,1.0,1675650.0,Male,15,Not Hisp/Latino,White,Married,103.0,165.0,28.0,1023120.0,54936.0,2940.0,4660.0,16848.0,17584.0,16.079605366492146,0.1597,23.0,29.67,27.0,2.0,6.0,100.0
312,543,72.2,2007-09-26,2006-06-06,nv,bl,m12,Pass,1.0,AD,1.0,ADNI1,1,ADNI1,ADNI1,022_S_0543,22,1.0,1230810.0,Female,18,Not Hisp/Latino,White,Married,217.0,179.0,77.0,746617.0,25955.0,2717.0,5292.0,12167.0,11537.0,22.772446646341468,0.32292,25.0,43.33,20.0,2.0,5.0,100.0
313,544,76.7,2007-07-06,2006-05-24,nv,bl,m12,Pass,1.0,LMCI,0.0,ADNI1,1,ADNI1,ADNI1,022_S_0544,22,2.0,1421090.0,Female,12,Not Hisp/Latino,White,Widowed,28.0,109.0,15.0,877538.0,54911.0,2475.0,4445.0,16440.0,13254.0,8.475560240963857,0.038608,28.0,14.33,51.0,6.0,2.0,15.3846
314,545,71.8,2007-06-13,2006-05-06,nv,bl,m12,Pass,1.0,CN,0.0,ADNI1,1,ADNI1,ADNI1,128_S_0545,128,4.0,1783770.0,Male,19,Not Hisp/Latino,White,Married,150.0,148.0,38.0,1139480.0,25444.0,3885.0,7698.0,17265.0,18691.0,16.176,0.15502,29.0,9.33,47.0,6.0,6.0,50.0
316,547,75.6,2007-09-24,2006-11-09,nv,bl,m12,Pass,1.0,AD,0.0,ADNI1,1,ADNI1,ADNI1,006_S_0547,6,1.0,1592950.0,Male,12,Not Hisp/Latino,White,Married,58.0,212.0,29.0,1046900.0,42857.0,3364.0,6863.0,22848.0,20998.0,23.075264266304348,0.21625,26.0,18.67,27.0,1.0,3.0,60.0
320,552,60.1,2007-06-06,2006-06-21,nv,bl,m12,Pass,1.0,LMCI,1.0,ADNI1,1,ADNI1,ADNI1,037_S_0552,37,3.0,1478170.0,Female,19,Not Hisp/Latino,White,Married,93.0,117.0,49.0,877467.0,54639.0,3430.0,5527.0,16865.0,15365.0,29.544666666666664,0.26242,27.0,23.67,29.0,0.0,5.0,100.0
323,555,77.0,2007-12-06,2006-11-30,nv,bl,m12,Pass,1.0,CN,1.0,ADNI1,1,ADNI1,ADNI1,035_S_0555,35,4.0,1796860.0,Male,16,Not Hisp/Latino,White,Married,58.0,147.0,19.0,1180660.0,72975.0,3342.0,8609.0,24236.0,19268.0,16.268,0.11592,28.0,16.0,38.0,8.0,7.0,58.3333
326,559,79.3,2007-07-13,2006-06-20,nv,bl,m12,Pass,1.0,CN,1.0,ADNI1,1,ADNI1,ADNI1,002_S_0559,2,1.0,1698570.0,Male,16,Not Hisp/Latino,White,Widowed,60.0,258.0,17.0,1096860.0,33656.0,3974.0,7651.0,22649.0,18629.0,12.34650360576923,0.049743,30.0,8.0,48.0,5.0,1.0,9.090910000000001
329,566,78.8,2007-08-07,2006-04-08,nv,bl,m12,Pass,1.0,LMCI,1.0,ADNI1,1,ADNI1,ADNI1,037_S_0566,37,4.0,1424220.0,Male,20,Not Hisp/Latino,White,Married,82.0,163.0,68.0,887712.0,30237.0,2277.0,4425.0,18360.0,15470.0,9.4584,0.17529,29.0,22.67,31.0,3.0,5.0,71.4286
330,567,73.6,2007-06-07,2006-05-06,nv,bl,m12,Pass,1.0,LMCI,1.0,ADNI1,1,ADNI1,ADNI1,033_S_0567,33,1.0,1626860.0,Male,16,Not Hisp/Latino,White,Married,56.0,134.0,21.0,950932.0,104036.0,1558.0,4692.0,18087.0,15703.0,20.05279274611399,0.21534,28.0,32.33,23.0,1.0,5.0,100.0
335,577,72.4,2007-06-06,2006-09-06,nv,bl,m12,Pass,1.0,AD,2.0,ADNI1,1,ADNI1,ADNI1,036_S_0577,36,1.0,1405700.0,Female,12,Not Hisp/Latino,White,Married,204.0,151.0,41.0,901614.0,19483.0,2367.0,4428.0,15391.0,12339.0,24.87197074468085,0.24726,24.0,29.33,25.0,-1.0,4.0,100.0
336,578,77.0,2007-06-11,2006-06-22,nv,bl,m12,Pass,1.0,CN,0.0,ADNI1,1,ADNI1,ADNI1,062_S_0578,62,1.0,1354690.0,Female,14,Not Hisp/Latino,White,Widowed,86.0,143.0,27.0,907773.0,36171.0,3723.0,6103.0,19257.0,15755.0,6.059080901856762,-0.032434,30.0,11.0,39.0,6.0,3.0,30.0
337,579,65.4,2007-06-25,2006-10-07,nv,bl,m12,Pass,1.0,LMCI,1.0,ADNI1,1,ADNI1,ADNI1,136_S_0579,136,1.0,1555460.0,Female,18,Not Hisp/Latino,White,Married,65.0,196.0,22.0,1107580.0,24607.0,4465.0,7360.0,23542.0,17729.0,8.795341412742381,0.061831,29.0,6.0,55.0,8.0,3.0,21.4286
343,602,70.7,2007-08-08,2006-11-07,nv,bl,m12,Pass,1.0,CN,0.0,ADNI1,1,ADNI1,ADNI1,005_S_0602,5,1.0,1459400.0,Male,17,Not Hisp/Latino,White,Married,45.0,215.0,15.0,1057460.0,19603.0,4067.0,8149.0,20661.0,19235.0,-0.8008444444444445,0.032029,29.0,13.0,39.0,3.0,6.0,66.6667
344,604,86.5,2007-06-11,2006-06-20,nv,bl,m12,Pass,1.0,LMCI,0.0,ADNI1,1,ADNI1,ADNI1,023_S_0604,23,1.0,1804090.0,Male,14,Not Hisp/Latino,White,Married,96.0,128.0,28.0,1068720.0,75755.0,4429.0,6490.0,19702.0,17311.0,22.99024131016043,0.17440999999999998,25.0,16.67,24.0,3.0,5.0,83.3333
345,605,75.6,2007-06-19,2006-06-27,nv,bl,m12,Pass,1.0,CN,1.0,ADNI1,1,ADNI1,ADNI1,126_S_0605,126,2.0,1778480.0,Female,16,Not Hisp/Latino,White,Married,90.0,209.0,20.0,1154200.0,36959.0,4630.0,8379.0,23809.0,18805.0,-1.4421930894308943,-0.004384600000000001,30.0,4.67,64.0,9.0,5.0,33.3333
346,606,68.5,2007-07-30,2006-02-08,nv,bl,m12,Pass,1.0,AD,2.0,ADNI1,1,ADNI1,ADNI1,126_S_0606,126,1.0,1438620.0,Female,10,Not Hisp/Latino,White,Married,142.0,107.0,72.0,958683.0,29603.0,1893.0,5106.0,16694.0,12455.0,11.466902,0.22323,23.0,27.33,29.0,2.0,7.0,100.0
347,607,78.0,2007-08-13,2006-07-19,nv,bl,m12,Pass,1.0,LMCI,1.0,ADNI1,1,ADNI1,ADNI1,067_S_0607,67,2.0,1300130.0,Female,14,Not Hisp/Latino,White,Widowed,117.0,128.0,40.0,888187.0,19029.0,3836.0,6452.0,18730.0,15201.0,8.180004247572816,0.075873,30.0,10.33,50.0,10.0,2.0,14.2857
348,608,68.4,2007-06-29,2006-06-15,nv,bl,m12,Pass,1.0,LMCI,0.0,ADNI1,1,ADNI1,ADNI1,128_S_0608,128,4.0,1559070.0,Female,20,Unknown,White,Married,80.0,53.0,21.0,933520.0,69728.0,3001.0,6898.0,16070.0,14080.0,18.561,0.15308,27.0,10.67,50.0,8.0,1.0,7.692310000000001
349,610,79.0,2007-08-09,2006-10-07,nv,bl,m12,Pass,1.0,CN,0.0,ADNI1,1,ADNI1,ADNI1,005_S_0610,5,2.0,1557650.0,Male,20,Not Hisp/Latino,White,Married,106.0,264.0,52.0,907382.0,53126.0,3243.0,6079.0,17839.0,13067.0,2.711143115942029,0.045004,29.0,7.0,49.0,7.0,3.0,25.0
350,611,71.9,2007-06-07,2006-06-21,nv,bl,m12,Pass,1.0,LMCI,1.0,ADNI1,1,ADNI1,ADNI1,128_S_0611,128,4.0,1510450.0,Female,16,Not Hisp/Latino,White,Widowed,265.0,81.0,58.0,863350.0,62391.0,3048.0,5144.0,15636.0,12630.0,14.097,0.15613,25.0,23.0,35.0,2.0,6.0,75.0
352,618,74.8,2007-07-02,2006-06-30,nv,bl,m12,Pass,1.0,CN,1.0,ADNI1,1,ADNI1,ADNI1,031_S_0618,31,1.0,1487960.0,Male,16,Not Hisp/Latino,White,Married,55.0,206.0,20.0,1021180.0,14658.0,4248.0,7665.0,16814.0,16022.0,-4.6193382352941175,-0.32592,29.0,8.0,62.0,6.0,0.0,0.0
353,619,77.5,2007-06-22,2006-06-20,nv,bl,m12,Pass,1.0,AD,2.0,ADNI1,1,ADNI1,ADNI1,002_S_0619,2,4.0,2057400.0,Male,12,Not Hisp/Latino,White,Married,60.0,129.0,21.0,1075140.0,109900.0,2773.0,5812.0,19959.0,20675.0,6.8873,0.18632,22.0,30.33,19.0,1.0,4.0,100.0
354,621,62.3,2007-07-04,2006-06-26,nv,bl,m12,Pass,1.0,LMCI,1.0,ADNI1,1,ADNI1,ADNI1,053_S_0621,53,1.0,1848290.0,Female,16,Not Hisp/Latino,White,Married,152.0,122.0,46.0,1258690.0,24512.0,4112.0,7859.0,23640.0,19839.0,12.082507751937985,0.18004,28.0,16.33,41.0,1.0,9.0,100.0
356,625,75.9,2007-07-16,2006-10-07,nv,bl,m12,Pass,1.0,LMCI,0.0,ADNI1,1,ADNI1,ADNI1,023_S_0625,23,2.0,2040320.0,Male,6,Not Hisp/Latino,White,Married,50.0,160.0,23.0,1194450.0,128593.0,2621.0,7107.0,19745.0,17094.0,42.27674613402062,0.33391,24.0,22.0,24.0,5.0,5.0,71.4286
357,626,83.2,2007-08-07,2006-07-08,nv,bl,m12,Pass,1.0,LMCI,0.0,ADNI1,1,ADNI1,ADNI1,021_S_0626,21,1.0,1618550.0,Male,16,Not Hisp/Latino,White,Married,133.0,163.0,30.0,959442.0,29096.0,3688.0,5946.0,16996.0,16936.0,14.05941274752475,0.25472,25.0,19.67,23.0,4.0,7.0,100.0
362,634,82.1,2007-07-10,2006-12-07,nv,bl,m12,Pass,1.0,LMCI,0.0,ADNI1,1,ADNI1,ADNI1,012_S_0634,12,2.0,1612770.0,Male,20,Not Hisp/Latino,White,Widowed,126.0,238.0,30.0,1028510.0,38990.0,3360.0,6025.0,22485.0,21027.0,-2.3764723650385604,0.0029624000000000004,26.0,21.0,35.0,1.0,6.0,85.7143
363,637,76.1,2007-07-05,2006-07-17,nv,bl,m12,Pass,1.0,CN,0.0,ADNI1,1,ADNI1,ADNI1,012_S_0637,12,1.0,1475270.0,Female,16,Not Hisp/Latino,White,Divorced,91.0,282.0,22.0,955639.0,25525.0,3116.0,6126.0,19595.0,13880.0,0.304375,0.0030989,28.0,8.67,53.0,8.0,4.0,28.5714
364,638,83.1,2007-09-07,2006-06-09,nv,bl,m12,Pass,1.0,LMCI,2.0,ADNI1,1,ADNI1,ADNI1,133_S_0638,133,4.0,1384740.0,Male,17,Not Hisp/Latino,White,Married,78.0,108.0,20.0,858198.0,51791.0,2288.0,4361.0,14823.0,10894.0,14.112,0.097992,23.0,28.67,21.0,2.0,5.0,100.0
369,644,75.0,2007-06-29,2006-06-30,nv,bl,m12,Pass,1.0,LMCI,0.0,ADNI1,1,ADNI1,ADNI1,027_S_0644,27,1.0,1873910.0,Male,14,Not Hisp/Latino,White,Married,48.0,110.0,15.0,1107680.0,105019.0,4058.0,6529.0,17639.0,14919.0,6.382212301587303,-0.037339,28.0,14.33,34.0,4.0,5.0,62.5
372,649,86.7,2007-08-08,2006-08-16,nv,bl,m12,Pass,1.0,LMCI,1.0,ADNI1,1,ADNI1,ADNI1,116_S_0649,116,2.0,1449200.0,Male,20,Not Hisp/Latino,White,Married,121.0,115.0,42.0,846371.0,35054.0,3068.0,4913.0,16017.0,14243.0,14.65902039473684,0.18186,26.0,16.67,26.0,3.0,6.0,85.7143
375,657,77.7,2007-08-29,2006-07-09,nv,bl,m12,Pass,1.0,CN,0.0,ADNI1,1,ADNI1,ADNI1,116_S_0657,116,3.0,1689790.0,Female,13,Not Hisp/Latino,White,Married,48.0,265.0,13.0,1044740.0,37057.0,2775.0,7134.0,22542.0,16433.0,2.6327614864864866,-0.01737,29.0,15.33,39.0,5.0,4.0,40.0
380,671,61.0,2007-07-04,2006-05-07,nv,bl,m12,Pass,1.0,LMCI,1.0,ADNI1,1,ADNI1,ADNI1,052_S_0671,52,2.0,1421010.0,Female,12,Not Hisp/Latino,White,Married,105.0,123.0,42.0,957807.0,11480.0,3046.0,6753.0,18127.0,15849.0,8.463966346153846,0.33395,27.0,24.67,31.0,4.0,7.0,87.5
381,672,62.0,2007-08-01,2006-01-08,nv,bl,m12,Pass,1.0,CN,0.0,ADNI1,1,ADNI1,ADNI1,036_S_0672,36,2.0,1386110.0,Female,12,Not Hisp/Latino,White,Married,53.0,300.0,13.0,1047670.0,7863.0,3903.0,8451.0,20023.0,17185.0,3.979865026595744,-0.099118,30.0,5.33,44.0,2.0,3.0,33.3333
382,673,78.2,2007-07-18,2006-01-08,nv,bl,m12,Pass,1.0,LMCI,2.0,ADNI1,1,ADNI1,ADNI1,036_S_0673,36,2.0,1557870.0,Male,16,Not Hisp/Latino,White,Married,226.0,83.0,55.0,1021830.0,23532.0,2770.0,5067.0,20612.0,17223.0,10.60839364640884,0.19832,28.0,21.0,31.0,0.0,6.0,100.0
384,677,70.8,2007-07-19,2006-07-13,nv,bl,m12,Pass,1.0,CN,0.0,ADNI1,1,ADNI1,ADNI1,032_S_0677,32,2.0,1562170.0,Male,18,Not Hisp/Latino,White,Married,43.0,259.0,16.0,1088010.0,20436.0,4140.0,8901.0,22582.0,19980.0,10.139719480519481,0.056365,28.0,7.0,51.0,11.0,5.0,33.3333
386,680,77.8,2007-07-23,2006-07-20,nv,bl,m12,Pass,1.0,CN,0.0,ADNI1,1,ADNI1,ADNI1,126_S_0680,126,2.0,1453820.0,Male,8,Not Hisp/Latino,White,Married,53.0,264.0,22.0,943467.0,32010.0,4502.0,6530.0,19264.0,16894.0,3.640102480417754,0.14652,28.0,9.33,31.0,3.0,1.0,16.6667
390,685,89.6,2007-08-02,2006-07-20,nv,bl,m12,Pass,1.0,CN,0.0,ADNI1,1,ADNI1,ADNI1,002_S_0685,2,3.0,1529390.0,Female,16,Not Hisp/Latino,White,Married,76.0,271.0,25.0,989449.0,39103.0,4201.0,7194.0,18673.0,13629.0,16.101748086734688,0.29904000000000003,30.0,6.67,36.0,5.0,3.0,33.3333
391,686,72.0,2007-08-20,2006-07-08,nv,bl,m12,Pass,1.0,CN,0.0,ADNI1,1,ADNI1,ADNI1,137_S_0686,137,4.0,1828910.0,Male,20,Not Hisp/Latino,White,Married,36.0,226.0,14.0,1176510.0,39419.0,3766.0,8489.0,21596.0,18681.0,7.9902,0.022733,29.0,11.0,34.0,10.0,4.0,33.3333
395,692,76.7,2007-08-16,2006-11-08,nv,bl,m12,Pass,1.0,CN,1.0,ADNI1,1,ADNI1,ADNI1,094_S_0692,94,4.0,1501800.0,Female,19,Not Hisp/Latino,White,Widowed,37.0,178.0,11.0,900318.0,41876.0,4488.0,6986.0,18456.0,17151.0,1.7068,-0.068178,29.0,11.33,42.0,2.0,6.0,75.0
407,717,76.0,2007-09-21,2006-09-15,nv,bl,m12,Pass,1.0,CN,0.0,ADNI1,1,ADNI1,ADNI1,141_S_0717,141,4.0,1793110.0,Male,12,Not Hisp/Latino,White,Married,130.0,129.0,40.0,1200530.0,36083.0,4118.0,9146.0,21081.0,20888.0,5.5214,0.022572,30.0,13.33,44.0,4.0,-2.0,-18.1818
408,718,80.4,2007-08-20,2006-08-28,nv,bl,m12,Pass,1.0,LMCI,0.0,ADNI1,1,ADNI1,ADNI1,032_S_0718,32,2.0,1444180.0,Female,18,Not Hisp/Latino,White,Widowed,116.0,133.0,40.0,975200.0,39550.0,4004.0,7011.0,16302.0,16863.0,15.413730816831682,0.13965,27.0,6.0,46.0,7.0,4.0,30.7692
409,720,77.4,2007-08-21,2006-08-23,nv,bl,m12,Pass,1.0,AD,0.0,ADNI1,1,ADNI1,ADNI1,012_S_0720,12,3.0,1331060.0,Female,14,Not Hisp/Latino,White,Divorced,77.0,182.0,32.0,865121.0,50845.0,1949.0,4023.0,11852.0,12056.0,7.5995251989389905,0.18992,23.0,34.33,26.0,2.0,5.0,83.3333
412,723,79.1,2007-08-08,2006-02-08,nv,bl,m12,Pass,1.0,LMCI,0.0,ADNI1,1,ADNI1,ADNI1,033_S_0723,33,1.0,1421560.0,Male,12,Not Hisp/Latino,White,Married,73.0,171.0,24.0,946264.0,23152.0,3724.0,6496.0,15112.0,15182.0,8.367034615384616,0.0078212,25.0,16.33,32.0,4.0,1.0,12.5
414,725,80.9,2007-08-10,2006-02-08,nv,bl,m12,Pass,1.0,LMCI,1.0,ADNI1,1,ADNI1,ADNI1,033_S_0725,33,4.0,1585630.0,Male,20,Not Hisp/Latino,White,Married,65.0,154.0,24.0,976101.0,63683.0,3401.0,4984.0,16415.0,17316.0,3.9347,0.10158,28.0,18.0,29.0,3.0,5.0,71.4286
415,726,81.0,2007-11-14,2006-09-13,nv,bl,m12,Pass,1.0,CN,1.0,ADNI1,1,ADNI1,ADNI1,141_S_0726,141,3.0,1604940.0,Male,17,Not Hisp/Latino,White,Married,83.0,110.0,23.0,961607.0,39365.0,3480.0,7336.0,19247.0,15861.0,14.955506756756757,0.19306,28.0,17.0,45.0,9.0,7.0,53.8462
417,729,65.1,2007-09-05,2006-02-08,nv,bl,m12,Pass,1.0,LMCI,1.0,ADNI1,1,ADNI1,ADNI1,002_S_0729,2,1.0,1291140.0,Female,16,Not Hisp/Latino,White,Married,99.0,152.0,32.0,927913.0,16684.0,2511.0,6107.0,17213.0,18072.0,14.1558578313253,0.16177,27.0,14.67,38.0,4.0,9.0,100.0
419,731,71.5,2007-08-31,2006-05-09,nv,bl,m12,Pass,1.0,CN,0.0,ADNI1,1,ADNI1,ADNI1,006_S_0731,6,2.0,1498190.0,Male,18,Not Hisp/Latino,White,Married,86.0,160.0,31.0,1083930.0,17003.0,4607.0,8012.0,21455.0,19465.0,9.818078804347829,0.0078696,30.0,5.33,50.0,8.0,2.0,15.3846
420,733,57.1,2007-08-10,2006-07-31,nv,bl,m12,Pass,1.0,AD,2.0,ADNI1,1,ADNI1,ADNI1,033_S_0733,33,2.0,1344730.0,Female,14,Not Hisp/Latino,White,Married,158.0,130.0,50.0,888699.0,14395.0,3748.0,6699.0,14805.0,18949.0,7.70978737113402,0.074446,23.0,20.33,39.0,5.0,3.0,30.0
422,739,82.8,2007-08-06,2006-07-31,nv,bl,m12,Pass,1.0,AD,1.0,ADNI1,1,ADNI1,ADNI1,033_S_0739,33,1.0,1639620.0,Male,15,Not Hisp/Latino,White,Married,160.0,149.0,47.0,992754.0,45114.0,3137.0,5011.0,19099.0,16601.0,14.83696997389034,0.34811,26.0,24.33,24.0,3.0,5.0,71.4286
426,746,73.8,2008-02-11,2007-01-25,nv,bl,m12,Pass,1.0,LMCI,0.0,ADNI1,1,ADNI1,ADNI1,073_S_0746,73,2.0,1547310.0,Female,18,Not Hisp/Latino,White,Married,69.0,257.0,20.0,1000410.0,29043.0,4027.0,7467.0,18971.0,17524.0,2.5976113013698634,0.17182,30.0,11.67,45.0,3.0,1.0,11.1111
428,748,79.6,2007-08-17,2006-08-28,nv,bl,m12,Pass,1.0,LMCI,1.0,ADNI1,1,ADNI1,ADNI1,036_S_0748,36,2.0,1777090.0,Male,16,Not Hisp/Latino,White,Married,46.0,146.0,16.0,1156430.0,73216.0,3143.0,6128.0,23365.0,14652.0,19.988600806451608,0.36996,26.0,27.33,24.0,2.0,6.0,85.7143
429,750,75.6,2007-07-27,2006-08-25,nv,bl,m12,Pass,1.0,LMCI,1.0,ADNI1,1,ADNI1,ADNI1,022_S_0750,22,2.0,1332950.0,Female,12,Not Hisp/Latino,White,Divorced,237.0,145.0,77.0,738813.0,56075.0,3100.0,5628.0,10708.0,11228.0,15.993616525423727,0.19838,27.0,13.67,36.0,8.0,10.0,100.0
430,751,70.9,2007-08-27,2006-08-21,nv,bl,m12,Pass,1.0,CN,0.0,ADNI1,1,ADNI1,ADNI1,009_S_0751,9,1.0,1724690.0,Male,16,Not Hisp/Latino,White,Married,32.0,244.0,13.0,1006650.0,83481.0,3499.0,7290.0,20652.0,18604.0,11.459489321608038,0.091847,27.0,11.67,41.0,6.0,3.0,27.2727
432,753,65.5,2007-09-13,2006-11-09,nv,bl,m12,Pass,1.0,AD,2.0,ADNI1,1,ADNI1,ADNI1,021_S_0753,21,2.0,1772560.0,Male,16,Not Hisp/Latino,White,Married,110.0,130.0,62.0,1012450.0,95613.0,2243.0,5789.0,20003.0,15700.0,17.46345925925926,0.22134,24.0,32.33,18.0,-2.0,2.0,100.0
433,754,67.7,2007-10-05,2006-09-26,nv,bl,m12,Pass,1.0,AD,1.0,ADNI1,1,ADNI1,ADNI1,127_S_0754,127,4.0,1611850.0,Female,14,Not Hisp/Latino,White,Married,119.0,132.0,35.0,1071950.0,58946.0,2105.0,6154.0,20646.0,15468.0,19.091,0.33991,23.0,25.67,40.0,3.0,1.0,10.0
438,768,77.3,2007-09-27,2006-08-23,nv,bl,m12,Pass,1.0,CN,1.0,ADNI1,1,ADNI1,ADNI1,062_S_0768,62,1.0,1801960.0,Male,14,Not Hisp/Latino,White,Married,50.0,136.0,19.0,1099390.0,78631.0,4005.0,6341.0,18680.0,18845.0,8.346960213776724,0.038072,30.0,14.33,46.0,7.0,7.0,58.3333
439,769,62.2,2007-08-20,2006-08-31,nv,bl,m12,Pass,1.0,LMCI,0.0,ADNI1,1,ADNI1,ADNI1,016_S_0769,16,2.0,1909560.0,Male,18,Hisp/Latino,White,Married,36.0,160.0,12.0,1181460.0,91968.0,2822.0,5896.0,20129.0,18121.0,22.89917232375979,0.21374,26.0,12.33,30.0,4.0,7.0,87.5
444,779,79.5,2007-09-12,2006-05-09,nv,bl,m12,Pass,1.0,CN,1.0,ADNI1,1,ADNI1,ADNI1,057_S_0779,57,4.0,1776670.0,Male,13,Not Hisp/Latino,White,Widowed,34.0,98.0,81.0,1076430.0,40307.0,3339.0,7831.0,19031.0,19761.0,23.44,0.28847,28.0,16.0,22.0,1.0,3.0,60.0
446,783,79.2,2007-08-27,2006-08-29,nv,bl,m12,Pass,1.0,LMCI,0.0,ADNI1,1,ADNI1,ADNI1,130_S_0783,130,2.0,1500710.0,Female,18,Not Hisp/Latino,White,Married,67.0,159.0,26.0,978282.0,39315.0,2449.0,6284.0,18581.0,14886.0,10.721792,0.1858,29.0,19.67,28.0,2.0,4.0,66.6667
449,790,83.3,2007-12-04,2006-10-20,nv,bl,m12,Pass,1.0,AD,1.0,ADNI1,1,ADNI1,ADNI1,141_S_0790,141,1.0,1351320.0,Female,14,Not Hisp/Latino,White,Married,205.0,164.0,47.0,843059.0,37889.0,2631.0,6360.0,14567.0,14117.0,8.320395,0.054293,26.0,15.33,32.0,4.0,7.0,87.5
450,792,73.5,2007-09-25,2006-09-25,nv,bl,m12,Pass,1.0,LMCI,0.0,ADNI1,1,ADNI1,ADNI1,133_S_0792,133,4.0,1552470.0,Male,16,Not Hisp/Latino,White,Married,89.0,139.0,32.0,1054670.0,19315.0,4265.0,7862.0,20652.0,17114.0,-1.0167,-0.16147,30.0,15.0,33.0,3.0,5.0,71.4286
452,796,80.3,2007-10-08,2006-09-27,nv,bl,m12,Pass,1.0,AD,0.0,ADNI1,1,ADNI1,ADNI1,137_S_0796,137,3.0,1891770.0,Male,14,Not Hisp/Latino,White,Married,38.0,214.0,14.0,1122440.0,116677.0,3299.0,8432.0,22886.0,16699.0,2.151702784503632,0.12547,26.0,15.67,30.0,2.0,6.0,100.0
455,803,84.7,2007-10-09,2006-04-10,nv,bl,m12,Pass,1.0,AD,0.0,ADNI1,1,ADNI1,ADNI1,012_S_0803,12,3.0,1408230.0,Female,12,Not Hisp/Latino,White,Widowed,271.0,155.0,58.0,885844.0,32425.0,2830.0,4648.0,15389.0,13146.0,8.174142015706806,0.25059000000000003,22.0,34.33,19.0,1.0,3.0,75.0
461,818,74.0,2007-09-26,2006-09-27,nv,bl,m12,Pass,1.0,CN,0.0,ADNI1,1,ADNI1,ADNI1,057_S_0818,57,4.0,1442410.0,Female,10,Not Hisp/Latino,White,Married,44.0,142.0,14.0,965394.0,11877.0,3790.0,7665.0,19382.0,15773.0,9.1866,0.11052,29.0,18.0,40.0,4.0,-1.0,-11.1111
469,834,63.9,2007-11-27,2006-10-17,nv,bl,m12,Pass,1.0,LMCI,1.0,ADNI1,1,ADNI1,ADNI1,116_S_0834,116,2.0,1833650.0,Male,13,Not Hisp/Latino,White,Married,88.0,139.0,37.0,1142420.0,56230.0,3827.0,7084.0,19277.0,20059.0,13.932909198113208,0.30647,26.0,18.0,12.0,-1.0,2.0,100.0
470,835,72.7,2007-09-19,2006-09-15,nv,bl,m12,Pass,1.0,LMCI,1.0,ADNI1,1,ADNI1,ADNI1,027_S_0835,27,2.0,1629710.0,Male,14,Not Hisp/Latino,White,Married,84.0,134.0,49.0,1095220.0,31282.0,3241.0,5998.0,19304.0,15933.0,-0.12827815013404825,0.042749,26.0,27.33,26.0,2.0,6.0,100.0
471,836,83.1,2007-10-01,2006-07-09,nv,bl,m12,Pass,1.0,AD,1.0,ADNI1,1,ADNI1,ADNI1,029_S_0836,29,1.0,1703240.0,Male,16,Not Hisp/Latino,White,Married,92.0,179.0,29.0,1084750.0,68179.0,3820.0,6171.0,20406.0,19103.0,16.774377475247526,0.20098,26.0,21.33,21.0,1.0,5.0,100.0
472,839,79.4,2007-10-03,2006-06-10,nv,bl,m12,Pass,1.0,LMCI,0.0,ADNI1,1,ADNI1,ADNI1,057_S_0839,57,2.0,1227340.0,Female,9,Not Hisp/Latino,White,Widowed,151.0,137.0,50.0,795508.0,28087.0,2634.0,5561.0,13939.0,13653.0,10.58355357142857,0.16714,26.0,23.0,14.0,5.0,2.0,40.0
475,843,70.5,2007-11-19,2006-11-16,nv,bl,m12,Pass,1.0,CN,0.0,ADNI1,1,ADNI1,ADNI1,029_S_0843,29,4.0,1677800.0,Male,16,Not Hisp/Latino,White,Married,42.0,235.0,13.0,1051760.0,72407.0,5598.0,7446.0,20989.0,19935.0,5.3846,-0.02984,28.0,19.67,36.0,5.0,5.0,55.5556
478,850,78.1,2007-09-26,2006-09-20,nv,bl,m12,Pass,1.0,AD,1.0,ADNI1,1,ADNI1,ADNI1,027_S_0850,27,2.0,1458430.0,Male,16,Not Hisp/Latino,White,Married,90.0,134.0,32.0,973475.0,26724.0,1842.0,5322.0,16389.0,17579.0,14.03888181818182,0.23267,22.0,30.0,24.0,1.0,5.0,100.0
479,851,72.5,2007-10-13,2006-11-10,nv,bl,m12,Pass,1.0,LMCI,1.0,ADNI1,1,ADNI1,ADNI1,141_S_0851,141,2.0,1458860.0,Female,12,Not Hisp/Latino,White,Married,86.0,115.0,45.0,1017030.0,14439.0,2692.0,7772.0,16490.0,17457.0,11.092317408376964,0.34387,25.0,31.33,24.0,1.0,0.0,0.0
480,852,84.3,2007-11-06,2006-11-10,nv,bl,m12,Pass,1.0,AD,1.0,ADNI1,1,ADNI1,ADNI1,141_S_0852,141,3.0,1354830.0,Female,18,Not Hisp/Latino,White,Never married,135.0,140.0,32.0,876569.0,19619.0,1928.0,4041.0,16783.0,14607.0,17.83532800982801,0.23144,24.0,24.0,33.0,2.0,4.0,57.1429
489,866,80.0,2007-10-30,2006-05-10,nv,bl,m12,Pass,1.0,CN,0.0,ADNI1,1,ADNI1,ADNI1,029_S_0866,29,2.0,1388960.0,Female,13,Not Hisp/Latino,White,Widowed,43.0,288.0,13.0,943825.0,28130.0,3697.0,6665.0,16890.0,18539.0,5.351976334951456,0.06565800000000001,28.0,5.33,39.0,8.0,5.0,41.6667
501,886,71.3,2007-10-08,2006-06-10,nv,bl,m12,Pass,1.0,CN,0.0,ADNI1,1,ADNI1,ADNI1,130_S_0886,130,2.0,1427140.0,Female,15,Not Hisp/Latino,White,Married,51.0,260.0,14.0,975937.0,18194.0,4484.0,7438.0,18857.0,14833.0,0.6465120320855615,-0.0034526,28.0,10.33,51.0,2.0,1.0,9.090910000000001
505,891,79.3,2007-10-04,2006-12-10,nv,bl,m12,Pass,1.0,AD,1.0,ADNI1,1,ADNI1,ADNI1,126_S_0891,126,2.0,1457590.0,Female,12,Not Hisp/Latino,White,Married,57.0,160.0,26.0,896901.0,52359.0,2564.0,6093.0,14103.0,10800.0,23.70218582887701,0.49821,22.0,29.0,28.0,1.0,5.0,100.0
507,896,76.8,2007-10-18,2006-10-31,nv,bl,m12,Pass,1.0,CN,0.0,ADNI1,1,ADNI1,ADNI1,098_S_0896,98,2.0,1790030.0,Male,16,Not Hisp/Latino,White,Married,39.0,218.0,17.0,1139920.0,51911.0,3509.0,6675.0,24560.0,18826.0,6.1442957474226825,0.15467999999999998,30.0,6.0,51.0,4.0,1.0,9.090910000000001
510,904,84.1,2008-02-04,2006-12-19,nv,bl,m12,Pass,1.0,LMCI,0.0,ADNI1,1,ADNI1,ADNI1,010_S_0904,10,2.0,1703490.0,Male,16,Not Hisp/Latino,White,Married,138.0,119.0,41.0,1117420.0,58960.0,3418.0,7456.0,21516.0,19906.0,10.270071933962264,0.13354000000000002,24.0,19.0,22.0,0.0,4.0,100.0
511,906,65.3,2007-10-01,2006-11-10,nv,bl,m12,Pass,1.0,LMCI,1.0,ADNI1,1,ADNI1,ADNI1,033_S_0906,33,1.0,1426290.0,Female,12,Not Hisp/Latino,White,Widowed,114.0,190.0,30.0,990188.0,16833.0,2814.0,6796.0,17501.0,17077.0,18.007514150943393,0.25545,25.0,16.0,26.0,2.0,5.0,83.3333
513,908,62.9,2007-10-25,2006-12-10,nv,bl,m12,Pass,1.0,LMCI,0.0,ADNI1,1,ADNI1,ADNI1,003_S_0908,3,3.0,1709920.0,Female,16,Not Hisp/Latino,White,Married,38.0,280.0,16.0,1069240.0,48734.0,5038.0,7534.0,20138.0,15787.0,-2.6265772058823527,0.040133,29.0,8.0,48.0,8.0,3.0,25.0
515,912,73.9,2007-11-01,2006-10-23,nv,bl,m12,Pass,1.0,LMCI,1.0,ADNI1,1,ADNI1,ADNI1,133_S_0912,133,4.0,1399140.0,Female,18,Not Hisp/Latino,Black,Widowed,110.0,271.0,27.0,956200.0,18858.0,3021.0,7076.0,17035.0,15594.0,15.441,0.033532,29.0,19.33,44.0,6.0,6.0,54.5455
516,913,56.6,2008-01-18,2007-01-18,nv,bl,m12,Pass,1.0,LMCI,0.0,ADNI1,1,ADNI1,ADNI1,133_S_0913,133,1.0,1443740.0,Female,15,Not Hisp/Latino,White,Married,86.0,212.0,41.0,845653.0,42129.0,2538.0,4777.0,10472.0,13206.0,23.57702906976744,0.13134,26.0,35.67,34.0,6.0,6.0,66.6667
518,915,80.6,2007-11-17,2006-10-31,nv,bl,m12,Pass,1.0,LMCI,1.0,ADNI1,1,ADNI1,ADNI1,141_S_0915,141,3.0,1228080.0,Female,14,Not Hisp/Latino,White,Married,86.0,139.0,29.0,782041.0,20651.0,2263.0,4581.0,11705.0,12793.0,3.603196280991736,0.13460999999999998,26.0,30.0,31.0,3.0,-2.0,-25.0
525,923,83.1,2007-10-12,2006-10-13,nv,bl,m12,Pass,1.0,CN,0.0,ADNI1,1,ADNI1,ADNI1,033_S_0923,33,2.0,1571380.0,Male,14,Not Hisp/Latino,White,Married,62.0,270.0,22.0,1033180.0,37282.0,4930.0,8484.0,22381.0,17791.0,0.9585396825396824,-0.11639,30.0,11.33,36.0,6.0,11.0,100.0
528,926,71.4,2007-10-23,2006-10-16,nv,bl,m12,Pass,1.0,CN,0.0,ADNI1,1,ADNI1,ADNI1,023_S_0926,23,3.0,1489390.0,Female,16,Not Hisp/Latino,White,Married,53.0,294.0,21.0,1033150.0,26673.0,3623.0,7143.0,17580.0,19149.0,13.023824808184145,0.060093,29.0,9.0,40.0,8.0,12.0,100.0
533,932,75.3,2007-11-05,2006-03-11,nv,bl,m12,Pass,1.0,LMCI,0.0,ADNI1,1,ADNI1,ADNI1,012_S_0932,12,2.0,1697500.0,Male,16,Not Hisp/Latino,White,Married,75.0,148.0,27.0,1085110.0,44979.0,3574.0,7161.0,21327.0,18129.0,3.3734525547445258,0.057883,27.0,23.67,25.0,2.0,5.0,100.0
536,941,73.3,2007-10-31,2006-10-25,nv,bl,m12,Pass,1.0,LMCI,2.0,ADNI1,1,ADNI1,ADNI1,057_S_0941,57,2.0,1659940.0,Female,14,Not Hisp/Latino,White,Married,79.0,136.0,40.0,978256.0,64067.0,2951.0,5660.0,15916.0,14398.0,24.208959740259736,0.27149,25.0,32.0,19.0,3.0,4.0,80.0
539,950,73.5,2007-12-17,2006-12-12,nv,bl,m12,Pass,1.0,LMCI,0.0,ADNI1,1,ADNI1,ADNI1,109_S_0950,109,2.0,1590920.0,Male,17,Not Hisp/Latino,Black,Married,65.0,172.0,27.0,905436.0,85939.0,2814.0,5410.0,14605.0,14311.0,22.11160586124402,0.12942,26.0,14.33,34.0,4.0,6.0,66.6667
542,954,69.3,2007-10-15,2006-11-16,nv,bl,m12,Pass,1.0,LMCI,1.0,ADNI1,1,ADNI1,ADNI1,002_S_0954,2,4.0,1230250.0,Female,14,Not Hisp/Latino,White,Married,120.0,127.0,41.0,805318.0,10739.0,2851.0,5511.0,15165.0,12839.0,-3.892,-0.010519,25.0,21.67,24.0,0.0,4.0,100.0
551,972,77.9,2007-12-04,2006-12-14,nv,bl,m12,Pass,1.0,CN,1.0,ADNI1,1,ADNI1,ADNI1,137_S_0972,137,2.0,1478860.0,Male,16,Not Hisp/Latino,White,Married,119.0,123.0,59.0,942657.0,20399.0,4228.0,7619.0,18981.0,17830.0,11.925162328767124,0.13962,30.0,9.33,42.0,2.0,2.0,22.2222
552,973,76.8,2007-12-03,2006-05-12,nv,bl,m12,Pass,1.0,LMCI,0.0,ADNI1,1,ADNI1,ADNI1,137_S_0973,137,4.0,1788690.0,Male,20,Not Hisp/Latino,White,Married,51.0,221.0,20.0,1053590.0,53920.0,4282.0,7244.0,18955.0,18416.0,6.6574,0.051787,28.0,17.0,19.0,2.0,5.0,100.0
554,978,73.1,2007-12-18,2006-02-11,nv,bl,m12,Pass,1.0,LMCI,1.0,ADNI1,1,ADNI1,ADNI1,032_S_0978,32,2.0,1595370.0,Male,12,Not Hisp/Latino,White,Married,130.0,108.0,37.0,1049840.0,33648.0,2331.0,6250.0,19868.0,18150.0,13.975079439252331,0.2655,29.0,18.67,24.0,2.0,4.0,100.0
563,994,55.1,2007-12-06,2006-06-12,nv,bl,m12,Pass,1.0,LMCI,1.0,ADNI1,1,ADNI1,ADNI1,137_S_0994,137,4.0,1330210.0,Female,18,Not Hisp/Latino,White,Married,118.0,133.0,61.0,914000.0,13202.0,3420.0,6979.0,20537.0,13556.0,20.952,0.27704,27.0,11.33,31.0,3.0,5.0,71.4286
569,1002,76.3,2007-12-11,2006-12-12,nv,bl,m12,Pass,1.0,CN,0.0,ADNI1,1,ADNI1,ADNI1,041_S_1002,41,1.0,1619840.0,Female,18,Not Hisp/Latino,White,Married,41.0,233.0,11.0,1056730.0,56100.0,3501.0,7549.0,25357.0,16188.0,3.283279891304348,0.17665999999999998,30.0,9.33,41.0,8.0,7.0,58.3333
572,1009,75.8,2007-11-27,2006-11-30,nv,bl,m12,Pass,1.0,CN,2.0,ADNI1,1,ADNI1,ADNI1,012_S_1009,12,3.0,1752920.0,Male,16,Not Hisp/Latino,White,Married,69.0,124.0,21.0,1181100.0,49937.0,3965.0,7202.0,24065.0,17731.0,5.055583120204604,-0.008898399999999999,28.0,8.67,39.0,5.0,2.0,22.2222
573,1010,74.2,2007-12-04,2006-12-15,nv,bl,m12,Pass,1.0,LMCI,1.0,ADNI1,1,ADNI1,ADNI1,041_S_1010,41,2.0,1613790.0,Male,20,Not Hisp/Latino,White,Married,114.0,153.0,58.0,1108880.0,54880.0,2709.0,5166.0,20894.0,16239.0,4.266365546218487,0.1676,26.0,21.0,11.0,3.0,3.0,60.0
577,1016,78.3,2007-12-03,2006-11-13,nv,bl,m12,Pass,1.0,CN,0.0,ADNI1,1,ADNI1,ADNI1,033_S_1016,33,1.0,1397840.0,Female,13,Not Hisp/Latino,White,Widowed,77.0,224.0,21.0,1057010.0,13993.0,3578.0,7686.0,20933.0,16032.0,5.432748740554158,0.026979000000000003,29.0,12.67,43.0,6.0,4.0,36.3636
584,1030,67.4,2007-11-07,2006-11-13,nv,bl,m12,Pass,1.0,LMCI,0.0,ADNI1,1,ADNI1,ADNI1,009_S_1030,9,1.0,1838650.0,Male,20,Not Hisp/Latino,White,Married,109.0,162.0,51.0,1180520.0,33771.0,4040.0,7999.0,19249.0,15746.0,21.412904312668463,0.1181,28.0,10.0,41.0,6.0,4.0,36.3636
587,1033,73.3,2007-12-03,2006-01-12,nv,bl,m12,Pass,1.0,LMCI,1.0,ADNI1,1,ADNI1,ADNI1,012_S_1033,12,4.0,1491710.0,Female,18,Not Hisp/Latino,White,Widowed,65.0,148.0,26.0,941286.0,39862.0,3310.0,5978.0,18187.0,14520.0,3.7629,0.16571,28.0,21.67,27.0,0.0,4.0,100.0
588,1034,75.1,2007-11-29,2006-11-14,nv,bl,m12,Pass,1.0,LMCI,0.0,ADNI1,1,ADNI1,ADNI1,099_S_1034,99,2.0,1836780.0,Male,18,Not Hisp/Latino,White,Married,47.0,150.0,18.0,1132680.0,63052.0,4949.0,7795.0,20376.0,17747.0,5.046413265306122,0.11415,26.0,11.0,29.0,5.0,6.0,75.0
593,1041,70.9,2007-12-12,2006-05-12,nv,bl,m12,Pass,1.0,AD,2.0,ADNI1,1,ADNI1,ADNI1,137_S_1041,137,2.0,1668860.0,Male,18,Not Hisp/Latino,White,Married,88.0,146.0,40.0,998832.0,53614.0,2959.0,6501.0,17998.0,13524.0,34.65561746231156,0.4156,22.0,42.0,19.0,1.0,4.0,100.0
594,1043,68.5,2007-12-07,2006-12-14,nv,bl,m12,Pass,1.0,LMCI,0.0,ADNI1,1,ADNI1,ADNI1,128_S_1043,128,3.0,1751110.0,Male,16,Hisp/Latino,White,Married,73.0,170.0,24.0,1194450.0,62543.0,4227.0,6806.0,21273.0,19247.0,28.95007364341085,0.14989,25.0,19.0,25.0,2.0,3.0,50.0
595,1044,65.6,2007-11-21,2006-11-20,nv,bl,m12,Pass,1.0,AD,1.0,ADNI1,1,ADNI1,ADNI1,053_S_1044,53,3.0,1618110.0,Male,13,Not Hisp/Latino,White,Married,158.0,149.0,49.0,1046500.0,42875.0,3120.0,6310.0,18343.0,16627.0,19.150870204603574,0.21344,25.0,29.33,16.0,5.0,6.0,100.0
597,1046,71.6,2007-11-06,2006-11-16,nv,bl,m12,Pass,1.0,LMCI,1.0,ADNI1,1,ADNI1,ADNI1,023_S_1046,23,2.0,1984300.0,Male,20,Not Hisp/Latino,White,Married,50.0,184.0,24.0,1200500.0,100947.0,2756.0,6354.0,21807.0,17869.0,24.08048219178082,-0.042526,25.0,17.67,39.0,4.0,4.0,40.0
599,1052,69.0,2008-01-08,2006-11-30,nv,bl,m12,Pass,1.0,LMCI,1.0,ADNI1,1,ADNI1,ADNI1,141_S_1052,141,1.0,1429370.0,Female,8,Not Hisp/Latino,White,Married,65.0,238.0,21.0,962926.0,29760.0,3372.0,6729.0,24225.0,14791.0,5.984549632352941,0.043695,26.0,17.33,29.0,3.0,6.0,85.7143
600,1054,69.9,2007-12-17,2006-07-12,nv,bl,m12,Pass,1.0,LMCI,1.0,ADNI1,1,ADNI1,ADNI1,052_S_1054,52,1.0,1589650.0,Male,10,Not Hisp/Latino,White,Married,142.0,152.0,70.0,963383.0,65872.0,2707.0,5338.0,18998.0,17204.0,27.274853515625,0.29981,30.0,28.67,35.0,3.0,8.0,100.0
601,1055,84.6,2008-01-25,2006-07-12,nv,bl,m12,Pass,1.0,AD,1.0,ADNI1,1,ADNI1,ADNI1,133_S_1055,133,4.0,1565500.0,Male,15,Not Hisp/Latino,White,Widowed,159.0,114.0,35.0,865515.0,56323.0,2427.0,5521.0,12364.0,11931.0,12.06,0.14196,21.0,37.67,14.0,0.0,2.0,100.0
606,1063,78.4,2007-11-12,2006-11-16,nv,bl,m12,Pass,1.0,CN,1.0,ADNI1,1,ADNI1,ADNI1,024_S_1063,24,1.0,1457610.0,Female,19,Not Hisp/Latino,Black,Widowed,73.0,123.0,35.0,940689.0,36709.0,2835.0,6748.0,17486.0,14641.0,6.6432871352785146,0.22687,29.0,18.33,51.0,7.0,4.0,30.7692
612,1075,67.1,2008-04-09,2006-12-20,nv,bl,m12,Pass,1.0,LMCI,1.0,ADNI1,1,ADNI1,ADNI1,068_S_1075,68,2.0,1870450.0,Male,18,Not Hisp/Latino,White,Married,32.0,243.0,14.0,1245850.0,50022.0,4934.0,8581.0,24693.0,22690.0,16.197549273858918,0.15575999999999998,25.0,15.0,43.0,8.0,4.0,33.3333
618,1082,69.5,2007-12-03,2006-06-12,nv,bl,m12,Pass,1.0,AD,2.0,ADNI1,1,ADNI1,ADNI1,027_S_1082,27,1.0,1480010.0,Female,13,Not Hisp/Latino,White,Married,109.0,131.0,30.0,870569.0,45989.0,2226.0,4682.0,14799.0,12121.0,18.07642924528302,0.2751,22.0,40.0,12.0,0.0,3.0,100.0
621,1088,87.9,2008-02-04,2007-05-01,nv,bl,m12,Pass,1.0,LMCI,0.0,ADNI1,1,ADNI1,ADNI1,128_S_1088,128,3.0,1603230.0,Male,18,Not Hisp/Latino,Asian,Married,91.0,246.0,49.0,958537.0,79554.0,3317.0,5338.0,19177.0,16908.0,9.134695754716985,0.16434,24.0,18.67,18.0,2.0,4.0,80.0
626,1097,73.0,2007-12-12,2006-06-12,nv,bl,m12,Pass,1.0,LMCI,0.0,ADNI1,1,ADNI1,ADNI1,022_S_1097,22,1.0,1585760.0,Male,18,Not Hisp/Latino,White,Married,174.0,144.0,55.0,982015.0,28917.0,3509.0,5779.0,18226.0,16513.0,11.987369363395224,0.045544,25.0,26.0,20.0,3.0,6.0,100.0
627,1098,72.0,2007-12-03,2006-04-12,nv,bl,m12,Pass,1.0,CN,1.0,ADNI1,1,ADNI1,ADNI1,033_S_1098,33,1.0,1316240.0,Female,15,Not Hisp/Latino,White,Married,184.0,122.0,51.0,923059.0,15362.0,4450.0,7027.0,17995.0,17245.0,21.780332228116713,0.19538,29.0,10.0,46.0,3.0,5.0,50.0
634,1109,77.8,2008-01-10,2007-10-01,nv,bl,m12,Pass,1.0,AD,1.0,ADNI1,1,ADNI1,ADNI1,021_S_1109,21,2.0,1322000.0,Female,17,Not Hisp/Latino,White,Married,104.0,163.0,33.0,826329.0,24536.0,2428.0,4437.0,13505.0,11250.0,11.133293640897756,0.18229,21.0,21.67,29.0,4.0,8.0,100.0
638,1117,68.9,2007-12-18,2006-11-12,nv,bl,m12,Pass,1.0,LMCI,0.0,ADNI1,1,ADNI1,ADNI1,016_S_1117,16,2.0,1390070.0,Female,18,Hisp/Latino,White,Married,110.0,111.0,38.0,960856.0,13057.0,3108.0,7151.0,18883.0,14197.0,26.967306282722515,0.22865,26.0,25.0,27.0,-1.0,5.0,100.0
645,1126,80.4,2007-11-28,2006-12-14,nv,bl,m12,Pass,1.0,LMCI,0.0,ADNI1,1,ADNI1,ADNI1,023_S_1126,23,2.0,1655780.0,Male,18,Not Hisp/Latino,White,Married,59.0,126.0,24.0,1016960.0,55817.0,1629.0,4600.0,18630.0,18083.0,18.860367318435756,0.25311,26.0,24.0,31.0,3.0,8.0,100.0
646,1130,71.1,2008-01-31,2007-04-01,nv,bl,m12,Pass,1.0,LMCI,1.0,ADNI1,1,ADNI1,ADNI1,006_S_1130,6,2.0,1318960.0,Female,18,Not Hisp/Latino,White,Married,156.0,128.0,51.0,887031.0,15344.0,4071.0,5668.0,14381.0,17576.0,8.02609074941452,0.16651,29.0,28.33,37.0,3.0,7.0,87.5
650,1137,81.5,2008-02-12,2006-12-29,nv,bl,m12,Pass,1.0,AD,0.0,ADNI1,1,ADNI1,ADNI1,141_S_1137,141,3.0,1305270.0,Female,18,Not Hisp/Latino,White,Married,161.0,170.0,33.0,800230.0,61993.0,2452.0,4988.0,13002.0,12337.0,20.71837142857143,0.19708,24.0,36.67,15.0,-2.0,2.0,100.0
652,1140,84.4,2008-01-14,2007-09-01,nv,bl,m12,Pass,1.0,LMCI,0.0,ADNI1,1,ADNI1,ADNI1,127_S_1140,127,3.0,1497070.0,Male,18,Not Hisp/Latino,Asian,Married,67.0,274.0,19.0,987572.0,22695.0,4682.0,6069.0,18332.0,17388.0,20.038020833333334,0.3059,25.0,13.33,24.0,1.0,1.0,25.0
653,1144,77.4,2007-12-14,2006-12-26,nv,bl,m12,Pass,1.0,AD,1.0,ADNI1,1,ADNI1,ADNI1,099_S_1144,99,2.0,1607920.0,Male,13,Not Hisp/Latino,White,Married,126.0,129.0,44.0,994442.0,48615.0,2946.0,5159.0,17607.0,13839.0,16.48495,0.26497,21.0,27.67,18.0,2.0,4.0,100.0
654,1148,69.7,2008-01-17,2007-01-17,nv,bl,m12,Pass,1.0,LMCI,2.0,ADNI1,1,ADNI1,ADNI1,128_S_1148,128,2.0,1508810.0,Female,14,Not Hisp/Latino,White,Widowed,153.0,125.0,41.0,976382.0,42631.0,2634.0,5976.0,15941.0,15173.0,26.629036708860763,0.31617,25.0,20.0,30.0,6.0,5.0,55.5556
664,1169,72.2,2008-01-17,2007-05-01,nv,bl,m12,Pass,1.0,CN,0.0,ADNI1,1,ADNI1,ADNI1,032_S_1169,32,2.0,1536270.0,Female,18,Not Hisp/Latino,White,Never married,106.0,300.0,31.0,967056.0,22807.0,2413.0,5547.0,21580.0,15304.0,1.8392946428571428,0.018919,30.0,6.33,39.0,4.0,6.0,66.6667
665,1170,72.9,2008-01-17,2007-01-16,nv,bl,m12,Pass,1.0,AD,1.0,ADNI1,1,ADNI1,ADNI1,133_S_1170,133,2.0,1469510.0,Male,13,Not Hisp/Latino,White,Divorced,179.0,133.0,91.0,914968.0,40071.0,2850.0,5251.0,16332.0,16863.0,7.80912109375,0.1792,23.0,18.0,31.0,2.0,6.0,100.0
666,1171,71.5,2008-01-15,2007-12-01,nv,bl,m12,Pass,1.0,AD,1.0,ADNI1,1,ADNI1,ADNI1,024_S_1171,24,1.0,1813290.0,Male,12,Not Hisp/Latino,White,Married,41.0,185.0,21.0,1126740.0,80849.0,3700.0,7593.0,23320.0,15577.0,12.264045877659573,0.053101,24.0,20.33,22.0,1.0,5.0,100.0
673,1187,76.4,2008-01-21,2007-08-02,nv,bl,m12,Pass,1.0,LMCI,1.0,ADNI1,1,ADNI1,ADNI1,126_S_1187,126,2.0,1745780.0,Male,12,Not Hisp/Latino,White,Married,90.0,242.0,30.0,1148560.0,44492.0,4878.0,7116.0,21965.0,19928.0,11.752339430894306,0.044554,28.0,16.67,25.0,5.0,8.0,100.0
675,1190,76.5,2008-01-08,2007-01-17,nv,bl,m12,Pass,1.0,CN,0.0,ADNI1,1,ADNI1,ADNI1,023_S_1190,23,3.0,1422770.0,Female,13,Not Hisp/Latino,White,Married,105.0,234.0,35.0,989390.0,20442.0,4071.0,7905.0,20077.0,16619.0,11.540899315068495,0.13566,30.0,3.33,43.0,11.0,5.0,38.4615
688,1206,72.9,2008-02-22,2007-01-30,nv,bl,m12,Pass,1.0,CN,0.0,ADNI1,1,ADNI1,ADNI1,007_S_1206,7,1.0,1744130.0,Male,14,Not Hisp/Latino,White,Married,56.0,222.0,23.0,1137260.0,40569.0,4381.0,7703.0,23790.0,20160.0,7.2958915211970075,0.17949,29.0,5.67,41.0,5.0,4.0,36.3636
695,1217,67.8,2008-02-13,2007-02-14,nv,bl,m12,Pass,1.0,LMCI,2.0,ADNI1,1,ADNI1,ADNI1,057_S_1217,57,1.0,1651520.0,Female,16,Not Hisp/Latino,White,Married,82.0,172.0,41.0,998650.0,48322.0,2177.0,6124.0,19158.0,14506.0,15.306680555555555,0.15764,29.0,11.0,35.0,1.0,2.0,33.3333
697,1221,71.2,2008-01-28,2007-07-02,nv,bl,m12,Pass,1.0,AD,1.0,ADNI1,1,ADNI1,ADNI1,126_S_1221,126,3.0,1747360.0,Male,6,Not Hisp/Latino,White,Married,131.0,125.0,89.0,1107430.0,59712.0,2552.0,5161.0,19337.0,19565.0,10.71465810810811,-0.0044535,21.0,36.0,15.0,1.0,4.0,100.0
711,1247,72.5,2008-01-29,2007-08-02,nv,bl,m12,Pass,1.0,LMCI,0.0,ADNI1,1,ADNI1,ADNI1,023_S_1247,23,2.0,1420410.0,Female,9,Not Hisp/Latino,White,Married,98.0,139.0,50.0,915118.0,40800.0,3339.0,5702.0,16465.0,14543.0,34.0628326446281,0.27796,24.0,23.33,25.0,6.0,6.0,75.0
714,1250,73.2,2008-01-24,2007-02-16,nv,bl,m12,Pass,1.0,CN,0.0,ADNI1,1,ADNI1,ADNI1,052_S_1250,52,2.0,1116280.0,Female,10,Not Hisp/Latino,Black,Married,58.0,278.0,19.0,805585.0,19143.0,2746.0,7409.0,11546.0,16962.0,-0.5653167134831459,0.076188,28.0,11.33,40.0,7.0,1.0,9.090910000000001
721,1260,71.2,2008-03-03,2007-02-28,nv,bl,m12,Pass,1.0,LMCI,0.0,ADNI1,1,ADNI1,ADNI1,041_S_1260,41,4.0,1564670.0,Male,16,Not Hisp/Latino,White,Married,40.0,264.0,17.0,1034980.0,26125.0,4377.0,7196.0,18487.0,17577.0,9.6053,0.02544,28.0,16.67,25.0,1.0,5.0,83.3333
725,1265,82.2,2008-02-13,2007-02-13,nv,bl,m12,Pass,1.0,LMCI,1.0,ADNI1,1,ADNI1,ADNI1,057_S_1265,57,2.0,1307980.0,Female,8,Not Hisp/Latino,White,Divorced,83.0,169.0,30.0,856639.0,18372.0,2695.0,6135.0,14906.0,14376.0,12.613686507936508,0.19181,26.0,17.0,32.0,3.0,4.0,57.1429
728,1269,73.4,2008-02-13,2007-02-15,nv,bl,m12,Pass,1.0,LMCI,0.0,ADNI1,1,ADNI1,ADNI1,057_S_1269,57,2.0,1675100.0,Male,20,Not Hisp/Latino,White,Married,177.0,163.0,51.0,1028650.0,43176.0,3860.0,6714.0,23083.0,17980.0,-1.595311507936508,-0.084274,27.0,7.33,42.0,9.0,5.0,41.6667
735,1281,77.6,2008-03-12,2007-02-03,nv,bl,m12,Pass,1.0,AD,2.0,ADNI1,1,ADNI1,ADNI1,033_S_1281,33,2.0,1414820.0,Female,16,Not Hisp/Latino,White,Married,132.0,94.0,41.0,908431.0,19431.0,2513.0,4801.0,15730.0,16677.0,10.726815789473683,0.18498,25.0,23.67,23.0,-1.0,4.0,100.0
739,1285,80.0,2008-03-14,2007-02-26,nv,bl,m12,Pass,1.0,AD,1.0,ADNI1,1,ADNI1,ADNI1,033_S_1285,33,2.0,1626100.0,Female,18,Not Hisp/Latino,White,Married,328.0,162.0,58.0,1025970.0,29497.0,3224.0,6416.0,17459.0,15909.0,-5.552345149253732,-0.0016125,26.0,24.67,32.0,0.0,4.0,66.6667
743,1290,79.3,2008-02-18,2007-02-27,nv,bl,m12,Pass,1.0,AD,1.0,ADNI1,1,ADNI1,ADNI1,130_S_1290,130,3.0,1441910.0,Female,8,Not Hisp/Latino,White,Widowed,69.0,142.0,26.0,894060.0,39922.0,2471.0,5762.0,16302.0,16868.0,10.518422872340425,0.14435,25.0,26.33,30.0,4.0,4.0,57.1429
744,1292,76.2,2008-03-25,2007-03-19,nv,bl,m12,Pass,1.0,LMCI,0.0,ADNI1,1,ADNI1,ADNI1,012_S_1292,12,2.0,1698370.0,Male,16,Not Hisp/Latino,White,Married,244.0,129.0,81.0,1077520.0,51383.0,2062.0,6180.0,20933.0,13728.0,13.499265384615386,0.30375,26.0,25.0,21.0,-1.0,3.0,100.0
745,1293,77.1,2008-03-03,2007-12-03,nv,bl,m12,Pass,1.0,LMCI,2.0,ADNI1,1,ADNI1,ADNI1,094_S_1293,94,4.0,1763140.0,Male,16,Not Hisp/Latino,White,Married,74.0,99.0,70.0,1103060.0,40552.0,3241.0,5995.0,23309.0,15331.0,4.829,0.06763999999999999,25.0,16.0,40.0,5.0,5.0,50.0
748,1296,76.9,2008-02-21,2007-01-03,nv,bl,m12,Pass,1.0,AD,2.0,ADNI1,1,ADNI1,ADNI1,051_S_1296,51,2.0,1577760.0,Male,12,Not Hisp/Latino,White,Married,109.0,107.0,36.0,1027600.0,96934.0,2186.0,6558.0,20749.0,13671.0,9.016010695187168,0.28803,25.0,26.33,29.0,-1.0,5.0,100.0
756,1309,69.1,2008-02-27,2007-02-28,nv,bl,m12,Pass,1.0,LMCI,2.0,ADNI1,1,ADNI1,ADNI1,033_S_1309,33,1.0,1607360.0,Female,16,Not Hisp/Latino,White,Married,110.0,147.0,35.0,1022280.0,32492.0,2742.0,5721.0,18722.0,18707.0,20.790714843750006,0.09062,27.0,14.67,28.0,2.0,5.0,100.0
759,1315,83.3,2008-03-21,2007-03-23,nv,bl,m12,Pass,1.0,LMCI,0.0,ADNI1,1,ADNI1,ADNI1,116_S_1315,116,2.0,1513790.0,Female,14,Not Hisp/Latino,White,Widowed,97.0,141.0,35.0,969606.0,28940.0,3143.0,6112.0,17613.0,13282.0,21.2991827176781,0.11514,25.0,24.67,32.0,2.0,7.0,100.0
761,1321,83.2,2008-03-19,2007-12-03,nv,bl,m12,Pass,1.0,LMCI,0.0,ADNI1,1,ADNI1,ADNI1,012_S_1321,12,1.0,1692680.0,Male,20,Not Hisp/Latino,White,Married,43.0,219.0,13.0,1072780.0,69432.0,3244.0,6048.0,26426.0,18228.0,13.088280690537086,0.087523,28.0,27.0,20.0,1.0,4.0,100.0
767,1337,71.4,2008-03-10,2007-03-13,nv,bl,m12,Pass,1.0,AD,0.0,ADNI1,1,ADNI1,ADNI1,130_S_1337,130,2.0,1636430.0,Male,16,Not Hisp/Latino,White,Married,36.0,258.0,25.0,1144940.0,36362.0,3344.0,5262.0,21101.0,20881.0,4.9697628032345005,0.093244,25.0,24.0,27.0,1.0,5.0,100.0
775,1351,71.8,2008-03-05,2007-03-16,nv,bl,m12,Pass,1.0,LMCI,2.0,ADNI1,1,ADNI1,ADNI1,022_S_1351,22,2.0,1495580.0,Female,12,Not Hisp/Latino,White,Married,140.0,118.0,69.0,1003530.0,23904.0,3861.0,6709.0,19556.0,16284.0,7.7371267605633784,0.011142,30.0,21.0,32.0,0.0,2.0,33.3333
783,1373,75.4,2008-04-11,2007-04-17,nv,bl,m12,Pass,1.0,AD,1.0,ADNI1,1,ADNI1,ADNI1,057_S_1373,57,2.0,1391560.0,Male,20,Not Hisp/Latino,White,Married,122.0,138.0,39.0,798453.0,78443.0,2486.0,4300.0,9375.0,10184.0,18.612649224806198,0.1058,21.0,50.0,10.0,0.0,2.0,100.0
795,1394,77.1,2008-05-27,2007-11-06,nv,bl,m12,Pass,1.0,LMCI,1.0,ADNI1,1,ADNI1,ADNI1,022_S_1394,22,2.0,1726150.0,Male,18,Not Hisp/Latino,White,Married,81.0,139.0,30.0,1079730.0,59120.0,2971.0,7398.0,20570.0,13996.0,34.31142445054945,0.40734,27.0,32.33,33.0,2.0,8.0,100.0
797,1398,77.6,2008-05-29,2007-05-17,nv,bl,m12,Pass,1.0,LMCI,1.0,ADNI1,1,ADNI1,ADNI1,094_S_1398,94,1.0,1175130.0,Female,16,Not Hisp/Latino,White,Married,80.0,250.0,41.0,669364.0,44215.0,1579.0,3281.0,12622.0,11849.0,13.440640943877552,0.15991,24.0,29.67,15.0,0.0,3.0,100.0
806,1414,74.3,2008-08-27,2007-08-23,nv,bl,m12,Pass,1.0,LMCI,1.0,ADNI1,1,ADNI1,ADNI1,137_S_1414,137,2.0,1601600.0,Male,18,Not Hisp/Latino,White,Married,61.0,202.0,19.0,1044790.0,24843.0,3277.0,6798.0,21214.0,16735.0,-7.391653698979592,-0.26125,27.0,8.33,29.0,2.0,5.0,71.4286
809,1419,77.9,2008-08-22,2007-08-21,nv,bl,m12,Pass,1.0,LMCI,1.0,ADNI1,1,ADNI1,ADNI1,127_S_1419,127,3.0,1832530.0,Male,17,Not Hisp/Latino,White,Married,67.0,138.0,38.0,1181030.0,39896.0,3979.0,7498.0,23938.0,21342.0,15.87546212121212,0.1772,28.0,14.67,32.0,2.0,4.0,57.1429
811,1421,74.4,2008-09-17,2007-04-09,nv,bl,m12,Pass,1.0,LMCI,1.0,ADNI1,1,ADNI1,ADNI1,037_S_1421,37,2.0,1341130.0,Female,12,Not Hisp/Latino,White,Widowed,177.0,142.0,49.0,889332.0,25127.0,2518.0,5296.0,17373.0,15600.0,11.744627906976746,0.081514,29.0,13.0,37.0,1.0,8.0,100.0
812,1423,69.4,2008-08-13,2007-08-14,nv,bl,m12,Pass,1.0,LMCI,1.0,ADNI1,1,ADNI1,ADNI1,041_S_1423,41,1.0,1678980.0,Male,19,Not Hisp/Latino,White,Married,117.0,142.0,47.0,1013540.0,42408.0,2816.0,7095.0,18305.0,16729.0,14.75182579787234,0.26771,29.0,22.67,24.0,1.0,5.0,100.0
